,ID,Tradability,Init status,Unitprice,Expire date,Number of outbound orders,Total outbound,Pal grossweight,Pal height,Units per pal
0,1,1,0,0.058,547,9,2441,105.6,1.56,1920
1,2,0,0,0.954,547,0,0,207.68,1,384
2,3,1,0,2.385,547,12,23,165.78,1.02,108
3,4,0,0,5.1,547,0,0,221.04,1.05,72
4,5,0,0,0,547,0,0,0,0,0
5,6,1,0,1.11,547,1,1,207.68,1,384
6,7,1,0,2.515,547,2,4,165.78,1.02,108
7,8,0,0,0,547,0,0,0,0,0
8,9,0,0,0.2625,547,0,0,0,0,0
9,10,0,0,13.354,365,0,0,441.72,1.44,36
10,11,0,0,4.253,547,0,0,221.04,1.05,72
11,12,1,0,1.042,547,6,14,207.68,1,384
12,13,1,0,2.592,547,8,12,165.78,1.02,108
13,14,0,0,5.425,547,0,0,0,0,0
14,15,0,0,0,547,0,0,0,0,0
15,16,1,0,4.321,547,1,2,221.04,0,72
16,17,0,0,0,547,0,0,0,0,0
17,18,1,0,2.39,547,3,5,165.78,1.02,108
18,19,0,0,0,547,0,0,0,0,0
19,20,0,0,0.976,547,0,0,207.68,1,384
20,21,0,0,2.9171,547,0,0,165.78,1.02,108
21,22,0,0,0,547,0,0,0,0,0
22,23,1,0,17.113,365,1,3,441.72,1.44,36
23,24,1,0,4.942,547,1,1,221.04,1.05,72
24,25,1,0,14.783,365,1,1,515.34,1.68,42
25,26,0,0,19.63,365,0,0,0,0,24
26,27,1,0,4.61,547,2,3,221.04,1.05,72
27,28,1,0,0.006,547,9,1336,105.6,1.56,1920
28,29,1,0,14.919,365,1,1,515.34,1.68,42
29,30,0,0,4.79,547,0,0,221.04,1.05,72
30,31,0,0,0.19,547,0,0,0,0,0
31,32,0,0,0,547,0,0,0,0,0
32,33,1,0,15.318,365,1,1,515.34,1.68,42
33,34,0,0,17.02,365,0,0,0,0,24
34,35,0,0,4.48,547,0,0,0,0,0
35,36,1,0,15.808,365,1,1,515.34,1.68,42
36,37,0,0,16.201,365,0,0,515.34,1.68,42
37,38,0,0,4.303,547,0,0,221.04,1.05,72
38,39,0,0,16.76,365,0,0,0,0,0
39,40,0,0,0,365,0,0,0,0,0
40,41,1,0,0.192,547,10,760,105.6,1.56,1920
41,42,0,0,0.192,0,0,0,0,0,0
42,43,1,0,0.992,547,7,19,207.68,1,384
43,44,0,1,1.67,365,0,0,0,0,0
44,45,1,0,2.318,547,7,16,165.78,1.02,108
45,46,0,0,0,365,0,0,0,0.6,25
46,47,1,0,9.547,547,2,2,243.84,0.72,32
47,48,0,0,1.29,547,0,0,207.68,1,384
48,49,0,0,2.28,547,0,0,165.78,1.02,108
49,50,1,0,1.137,547,1,1,207.68,1,384
50,51,1,1,1.86,365,74,744,198,1.02,180
51,52,1,0,2.4,547,4,10,165.78,1.02,108
52,53,1,0,9.496,547,3,3,243.84,0.72,32
53,54,0,0,0,547,0,0,0,0,0
54,55,0,0,0,365,0,0,0,0,0
55,56,0,0,2.41,547,0,0,0,0,0
56,57,0,0,0,365,0,0,0,0,0
57,58,1,0,2.5,547,3,5,165.78,1.02,108
58,59,0,0,10.141,547,0,0,243.84,0.72,32
59,60,0,0,15.04,365,0,0,441.72,1.44,36
60,61,1,0,4.04,547,3,4,221.04,1.05,72
61,62,1,0,0.2,547,4,1340,105.6,1.56,1920
62,63,1,0,14.568,365,13,17,515.34,1.68,42
63,64,0,0,0,547,0,0,0,0,0
64,65,1,0,16.333,365,2,2,515.34,1.68,42
65,66,1,0,0.998,547,4,6,207.68,1,384
66,67,1,0,2.345,547,2,2,165.78,1.02,108
67,68,0,0,0,547,0,0,0,0,0
68,69,0,0,0,547,0,0,0,0,0
69,70,1,0,15.316,365,2,2,515.34,1.68,42
70,71,0,0,0,365,0,0,0,0,0
71,72,0,0,0,547,0,0,0,0,0
72,73,0,0,0,365,0,0,0,0,0
73,74,1,0,0.106,547,3,360,105.6,1.56,1920
74,75,0,0,0.962,547,0,0,207.68,1,384
75,76,1,0,1.97,365,3,23,198,1.02,180
76,77,1,0,2.063,547,1,1,165.78,1.02,108
77,78,1,0,4.642,547,3,3,221.04,1.05,72
78,79,0,0,1.143,547,0,0,207.68,1,384
79,80,0,0,1.8,365,0,0,198,1.02,180
80,81,1,0,2.263,547,6,7,165.78,1.02,108
81,82,0,0,1.75,547,0,0,198,1.02,180
82,83,0,0,4.456,547,0,0,221.04,1.05,72
83,84,0,0,2.502,547,0,0,165.78,1.02,108
84,85,1,0,4.309,547,4,5,221.04,1.05,72
85,86,0,0,0.934,547,0,0,0,0,0
86,87,0,0,2.201,547,0,0,165.78,1.02,108
87,88,0,0,0,547,0,0,0,0,0
88,89,1,0,2.239,547,3,64,165.78,1.02,108
89,90,0,0,0,547,0,0,0,0,0
90,91,0,0,0,547,0,0,0,0,0
91,92,0,0,2.69,547,0,0,0,0,0
92,93,0,0,0,547,0,0,0,0,0
93,94,0,0,0,547,0,0,0,0,0
94,95,1,0,0.375,730,1,2,5.25,0,50
95,96,1,0,0.35,730,2,4,529.2,0.9,2160
96,97,0,0,0.37,730,0,0,529.2,0.9,2160
97,98,0,0,0.34,730,0,0,529.2,0.9,2160
98,99,1,0,0.353,730,1,7,529.2,0.9,2160
99,100,1,0,5.611,365,2,2,167.68,1,384
100,101,0,0,0,365,0,0,0,0,0
101,102,0,0,19.534,365,0,0,621.72,1.8,36
102,103,0,0,0,365,0,0,0,0,0
103,104,0,0,24.825,365,0,0,730.8,1.8,36
104,105,0,0,0,547,0,0,0,0,0
105,106,0,0,9.52,547,0,0,261.12,0.72,32
106,107,0,0,25.24,365,0,0,310.86,0.9,18
107,108,1,0,2.887,547,3,3,226.8,1.02,108
108,109,0,0,5.41,547,0,0,293.76,1.05,72
109,110,1,0,0.24,547,2,640,105.6,1.56,1920
110,111,0,0,1,547,0,0,167.68,1,384
111,112,0,0,11.941,547,0,0,0,0,0
112,113,0,0,2.88,547,0,0,226.8,1.02,108
113,114,0,0,0.04,547,0,0,105.6,1.56,1920
114,115,1,0,0.899,547,9,18,167.68,1,384
115,116,0,0,1.78,365,0,0,0,0,180
116,117,1,0,12.517,547,2,3,325.12,0.8,32
117,118,1,0,2.942,547,10,15,226.8,1.02,108
118,119,0,0,0,365,0,0,0,0,0
119,120,1,0,5.557,547,5,8,293.76,1.05,72
120,121,1,0,0.84,547,1,6,167.68,1,384
121,122,0,0,2.04,365,0,0,147.6,1.17,180
122,123,1,0,12.794,547,2,2,325.12,0.8,32
123,124,1,0,3.103,547,1,1,226.8,1.02,108
124,125,1,0,1.24,547,4,5,167.68,1,384
125,126,0,0,14.78,547,0,0,325.12,0.8,32
126,127,1,0,3.561,547,3,4,226.8,1.02,108
127,128,1,0,0,547,5,420,0,0,960
128,129,1,0,0.87,547,1,3,167.68,1,384
129,130,0,0,2.208,365,0,0,147.6,1.17,180
130,131,0,0,12.949,547,0,0,325.12,0.8,32
131,132,1,0,3.105,547,14,22,226.8,1.02,108
132,133,0,0,5.561,547,0,0,293.76,1.05,72
133,134,0,0,0.896,547,0,0,167.68,1,384
134,135,0,0,0,547,0,0,0,0,0
135,136,1,0,0.858,547,3,12,167.68,1,384
136,137,0,0,1.74,365,0,0,0,0,0
137,138,1,0,12.854,547,2,2,10.16,0.8,32
138,139,1,0,3.077,547,1,1,226.8,1.02,108
139,140,1,0,0.794,547,4,8,167.68,1,384
140,141,1,0,2.8,547,1,3,226.8,1.02,108
141,142,1,0,5.212,547,2,2,293.76,1.05,72
142,143,1,0,0.88,547,1,3,167.68,1,384
143,144,1,0,11.579,547,4,4,325.12,0.8,32
144,145,1,0,2.849,547,6,11,226.8,1.02,108
145,146,0,0,4.866,547,0,0,261.54,1.05,72
146,147,1,0,0.877,547,9,21,167.68,1,384
147,148,1,0,12.584,547,4,4,325.12,0.8,32
148,149,1,0,3.072,547,5,5,226.8,1.02,108
149,150,1,0,5.674,547,5,6,293.76,1.05,72
150,151,1,0,0.82,547,1,3,167.68,1,384
151,152,1,0,2.263,547,5,7,165.78,1.02,108
152,153,0,0,4.532,547,0,0,261.54,1.05,72
153,154,0,0,9.274,547,0,0,261.12,0.72,32
154,155,1,0,0.83,547,8,20,167.68,1,384
155,156,0,0,12.353,547,0,0,325.12,0.8,32
156,157,1,0,2.979,547,2,4,226.8,1.02,108
157,158,1,0,5.353,547,5,6,293.76,1.05,72
158,159,0,0,0.747,547,0,0,167.68,1,384
159,160,1,0,1.23,365,27,1165,147.6,0,180
160,161,0,0,10.807,547,0,0,325.12,0.8,32
161,162,1,0,16.201,365,5,6,641.34,1.68,42
162,163,1,0,2.736,547,1,1,226.8,1.02,108
163,164,0,0,3.55,365,0,0,266.4,1.02,108
164,165,0,0,4.784,547,0,0,293.76,1.05,72
165,166,1,0,0.76,547,9,21,167.68,1,384
166,167,1,0,1.35,365,134,2722,147.6,1.17,180
167,168,1,0,11.795,547,2,2,325.12,0.8,32
168,169,1,0,18.308,365,2,5,641.34,1.68,42
169,170,1,0,2.72,547,8,11,226.8,1.02,108
170,171,0,0,0,365,0,0,0,0,0
171,172,1,0,5.314,547,7,7,293.76,1.05,72
172,173,1,0,0.8,547,6,24,167.68,1,384
173,174,1,0,1.42,547,1,50,147.6,1.17,180
174,175,1,0,12.685,547,1,1,325.12,0.8,32
175,176,1,0,2.933,547,4,4,226.8,1.02,108
176,177,0,0,5.62,547,0,0,293.76,1.05,72
177,178,0,0,1.03,547,0,0,167.68,1,384
178,179,1,0,2.722,547,1,1,226.8,1.02,108
179,180,1,0,0.837,547,4,17,167.68,1,384
180,181,1,0,1.3,547,7,130,147.6,0,180
181,182,0,0,10.93,547,0,0,325.12,0.8,32
182,183,1,0,2.608,547,13,22,226.8,1.02,108
183,184,1,0,4.789,547,1,1,293.76,1.05,72
184,185,1,0,0.939,547,4,13,167.68,1,384
185,186,1,0,1.5,365,98,1389,147.6,1.17,180
186,187,1,0,12.716,547,3,3,325.12,0.8,32
187,188,0,0,19.14,365,0,0,0,1.1,21
188,189,1,0,3.014,547,4,5,226.8,1.02,108
189,190,0,0,5.647,547,0,0,293.76,1.05,72
190,191,0,0,0,547,0,0,0,0,0
191,192,1,0,0.826,547,2,10,167.68,1,384
192,193,1,0,1.34,365,76,2054,147.6,1.17,180
193,194,1,0,11.577,547,6,7,325.12,0.8,32
194,195,0,0,17.525,365,0,0,0,0,0
195,196,1,0,16.879,365,1,2,641.34,1.68,42
196,197,1,0,2.905,547,9,15,226.8,1.02,108
197,198,1,0,5.294,547,15,19,293.76,1.05,72
198,199,1,0,0.821,547,1,2,167.68,1,384
199,200,1,0,0,365,27,1770,147.6,0,180
200,201,1,0,2.78,547,4,4,226.8,1.02,108
201,202,1,0,0.87,547,1,6,167.68,1,384
202,203,0,0,0,365,0,0,0,0,0
203,204,0,0,3.08,547,0,0,226.8,1.02,108
204,205,1,0,0.79,547,3,4,167.68,1,384
205,206,1,1,1.6,365,44,814,147.6,1.17,180
206,207,1,0,3.192,547,2,2,226.8,1.02,108
207,208,0,0,5.552,547,0,0,293.76,1.05,72
208,209,1,0,0.924,547,2,6,167.68,1,384
209,210,0,0,2.0125,365,0,0,0,0,0
210,211,1,0,11.787,547,4,4,325.12,0.8,32
211,212,1,0,2.83,547,2,2,226.8,1.02,108
212,213,1,0,5.241,547,9,10,293.76,1.05,72
213,214,1,0,0.84,547,2,4,167.68,1,384
214,215,1,0,2.259,547,4,4,165.78,1.02,108
215,216,0,0,4.422,547,0,0,261.54,1.05,72
216,217,1,0,0.86,547,8,18,167.68,1,384
217,218,1,0,11.917,547,3,3,325.12,0.8,32
218,219,1,0,2.999,547,2,4,226.8,1.02,108
219,220,0,0,5.47,547,0,0,293.76,1.05,72
220,221,1,0,0.91,547,1,3,167.68,1,384
221,222,0,0,1.6,365,0,0,147.6,1.17,180
222,223,1,0,2.357,547,4,5,165.78,1.02,108
223,224,1,0,5.092,547,2,2,261.54,1.05,72
224,225,1,0,0.99,547,3,8,167.68,1,384
225,226,1,0,3.67,547,2,3,226.8,1.02,108
226,227,1,0,6.31,547,1,1,293.76,1.05,72
227,228,1,0,0.86,547,8,15,167.68,1,384
228,229,0,0,1.944,365,0,0,147.6,1.17,180
229,230,1,0,3.04,547,3,3,226.8,1.02,108
230,231,1,0,0.9,547,2,15,167.68,1,384
231,232,1,0,1.824,365,27,1859,147.6,1.17,180
232,233,1,0,2.853,547,4,5,226.8,1.02,108
233,234,0,0,0.94,547,0,0,167.68,1,384
234,235,0,0,2.016,365,0,0,294,1.13,350
235,236,0,0,2.37,547,0,0,165.78,1.02,108
236,237,0,0,0,547,0,0,0,0,0
237,238,0,0,0.978,547,0,0,167.68,1,384
238,239,0,0,1.908,365,0,0,147.6,1.17,180
239,240,1,0,3.08,547,1,2,226.8,1.02,108
240,241,1,0,0.9,547,4,12,167.68,1,384
241,242,0,0,0,365,0,0,0,0,0
242,243,1,0,3.3,547,1,2,226.8,1.02,108
243,244,0,0,0,365,0,0,0,0,0
244,245,1,0,5.27,365,1,1,66.96,0.94,216
245,246,0,0,12.39,547,0,0,325.12,0.8,32
246,247,0,0,6.203,547,0,0,0,0,0
247,248,0,0,13.152,547,0,0,325.12,0.8,32
248,249,0,0,0,365,0,0,0,0,0
249,250,1,0,1.881,730,10,24,336.96,0.9,288
250,251,1,0,1.85,730,4,6,336.96,0.9,288
251,252,1,0,1.76,730,3,3,336.96,0.9,288
252,253,1,0,1.95,730,2,2,336.96,0.9,288
253,254,1,0,2.04,730,2,2,336.96,0.9,288
254,255,0,0,1.65,730,0,0,336.96,0.9,288
255,256,1,0,1.88,730,1,1,336.96,0.9,288
256,257,1,0,1.829,730,1,1,336.96,0.9,288
257,258,1,0,1.789,730,15,29,336.96,0.9,288
258,259,1,0,0.39,730,3,10,529.2,0.9,2160
259,260,1,0,1.818,730,5,8,336.96,0.9,288
260,261,1,0,1.85,730,8,8,336.96,0.9,288
261,262,0,0,1.857,730,0,0,336.96,0.9,288
262,263,0,0,1.72,730,0,0,336.96,0.9,288
263,264,1,0,1.8,730,128,203,336.96,0.9,288
264,265,1,0,1.82,730,12,14,336.96,0.9,288
265,266,1,0,1.742,730,9,11,336.96,0.9,288
266,267,1,0,1.57,730,18,24,336.96,0.9,288
267,268,0,0,0.975,547,0,0,207.68,1,384
268,269,1,0,2.205,547,1,1,165.78,1.02,108
269,270,0,0,5.5298,547,0,0,221.04,1.05,72
270,271,1,0,1.05,547,2,3,207.68,1,384
271,272,1,0,2.32,547,1,1,165.78,1.02,108
272,273,0,0,5.425,547,0,0,221.04,1.05,72
273,274,0,0,1.428,547,0,0,207.68,1,384
274,275,0,0,2.48,547,0,0,165.78,1.02,108
275,276,0,0,5.8274,547,0,0,221.04,1.05,72
276,277,0,0,2.63,547,0,0,165.78,1.02,108
277,278,0,0,8.138,547,0,0,243.84,0.72,32
278,279,0,0,15.322,365,0,0,641.34,1.68,42
279,280,0,0,4.04,547,0,0,221.04,1.05,72
280,281,1,0,21.84,365,1,2,641.34,1.68,42
281,282,0,0,4.73,547,0,0,221.04,1.05,72
282,283,0,0,16.46,365,0,0,641.34,1.68,42
283,284,0,0,5.568,547,0,0,0,0,0
284,285,1,0,1.08,547,2,2,207.68,1,384
285,286,1,0,2.6,547,1,1,165.78,1.02,108
286,287,0,0,4.74,547,0,0,221.04,1.05,72
287,288,0,0,1.13,547,0,0,207.68,1,384
288,289,0,0,2.41,547,0,0,165.78,1.02,108
289,290,0,0,4.24,547,0,0,221.04,1.05,72
290,291,0,0,1.512,547,0,0,207.68,1,384
291,292,0,0,3.228,547,0,0,165.78,1.02,108
292,293,0,0,6.1318,547,0,0,221.04,1.05,72
293,294,1,0,2.42,730,1,1,489.6,1.62,288
294,295,0,0,2.343,730,0,0,489.6,1.62,288
295,296,0,0,3.456,730,0,0,489.6,1.62,288
296,297,0,0,0,547,0,0,0,0,0
297,298,0,0,0.15,547,0,0,105.6,1.56,1920
298,299,0,0,15.355,365,0,0,641.34,1.68,42
299,300,0,0,21.768,365,0,0,657.72,1.44,36
300,301,0,0,5.08,547,0,0,0,0,0
301,302,1,0,1.932,547,4,10,198,1.02,180
302,303,1,0,19.72,365,2,2,641.34,1.68,42
303,304,0,0,5.447,547,0,0,293.76,1.05,72
304,305,1,0,17.039,365,9,16,641.34,1.68,42
305,306,0,0,20.58,365,0,0,0,1.2,36
306,307,1,0,5.425,547,2,2,293.76,1.05,72
307,308,0,0,0,365,0,0,0,0,0
308,309,0,0,0,547,0,0,0,0,0
309,310,1,0,14.692,365,1,1,441.72,1.44,36
310,311,0,0,5.8375,547,0,0,0,0,0
311,312,1,0,14.658,365,1,1,641.34,1.68,42
312,313,0,0,0,547,0,0,0,0,0
313,314,0,0,0,365,0,0,0,0,0
314,315,0,0,5.525,547,0,0,0,0,0
315,316,1,0,20.01,365,2,3,641.34,1.68,42
316,317,0,0,5.484,547,0,0,221.04,1.05,72
317,318,1,0,19.483,365,5,5,320.67,0.84,21
318,319,0,0,21.27,547,0,0,0,0,0
319,320,1,0,1.698,547,4,10,198,1.02,180
320,321,1,0,20.251,365,8,10,641.34,1.68,42
321,322,0,0,26.21,365,0,0,0,1.2,36
322,323,1,0,6.138,547,5,6,293.76,1.05,72
323,324,0,0,0,365,0,0,0,0,8
324,325,1,0,16.238,365,4,4,641.34,1.68,42
325,326,0,0,5.204,547,0,0,641.34,1.68,42
326,327,0,0,16.57,365,0,0,0,1.2,36
327,328,1,0,16.75,365,1,1,641.34,1.68,42
328,329,0,0,24.725,365,0,0,0,0,30
329,330,0,0,5.31,547,0,0,293.76,1.05,72
330,331,0,0,0,365,0,0,0,0,0
331,332,0,0,0,547,0,0,0,0,0
332,333,0,0,12.689,547,0,0,325.12,0.8,32
333,334,1,0,4.635,547,1,1,221.04,1.05,72
334,335,1,0,5.623,547,1,2,293.76,1.05,72
335,336,1,0,0.204,547,3,559,105.6,1.56,1920
336,337,1,0,1.578,547,2,4,198,1.02,180
337,338,0,0,0,547,0,0,0,0,0
338,339,1,0,16.215,365,1,1,641.34,1.68,42
339,340,1,0,5.058,547,3,5,293.76,1.05,72
340,341,0,0,0,365,0,0,0,0,72
341,342,0,0,1.59,547,0,0,198,1.02,180
342,343,0,0,9.38,547,0,0,325.12,0.8,32
343,344,0,0,0,365,0,0,0,0,0
344,345,1,0,14.082,365,7,7,641.34,1.68,42
345,346,0,0,0,365,0,0,0,1.2,36
346,347,1,0,4.564,547,7,7,293.76,1.05,72
347,348,0,0,0,547,0,0,0,0,0
348,349,0,0,19.267,365,0,0,641.34,1.68,42
349,350,0,0,5.238,547,0,0,293.76,1.05,72
350,351,0,0,0,365,0,0,0,0,0
351,352,0,0,5.1,547,0,0,293.76,1.05,72
352,353,0,0,5.35,547,0,0,257.04,0,72
353,354,1,0,1.61,547,3,7,147.6,1.17,180
354,355,0,0,1.79,365,0,0,148,1.17,180
355,356,1,0,3.181,547,2,4,226.8,1.02,108
356,357,0,0,0,547,0,0,0,0,0
357,358,0,0,1.65,547,0,0,147.6,1.17,180
358,359,1,0,2.355,547,3,4,165.78,1.02,108
359,360,1,0,0,547,1,1,0,0,0
360,361,0,0,0,547,0,0,0,0,0
361,362,0,0,0,547,0,0,0,0,0
362,363,0,0,0,547,0,0,0,0,0
363,364,1,0,0.016,547,1,720,105.6,1.56,1920
364,365,1,0,1.58,547,1,1,147.6,1.17,180
365,366,1,0,12.585,547,2,2,325.12,0.8,32
366,367,1,0,2.95,547,1,1,226.8,1.02,108
367,368,0,0,1.8381,547,0,0,0,0,0
368,369,0,0,0,547,0,0,0,0,0
369,370,0,0,3.01,547,0,0,0,0,0
370,371,1,0,1.682,547,3,6,198,1.02,180
371,372,1,0,4.87,547,2,2,221.04,1.05,72
372,373,0,0,10.824,547,0,0,277.12,0.72,32
373,374,1,0,1.53,547,7,17,147.6,1.17,180
374,375,1,0,1.58,365,3,500,0,1.1,180
375,376,1,0,2.955,547,4,5,226.8,1.02,108
376,377,0,0,9.717,547,0,0,261.12,0.72,32
377,378,0,0,0.135,547,0,0,0,0,0
378,379,1,0,1.36,547,7,13,147.6,1.17,180
379,380,1,0,1.584,365,1,5,147.6,1.17,180
380,381,1,0,2.596,547,13,23,226.8,1.02,108
381,382,0,0,4.38,547,0,0,293.76,1.05,72
382,383,1,0,8.823,547,4,4,261.12,0.72,32
383,384,0,0,0,365,0,0,0,0,0
384,385,1,0,1.63,547,3,4,147.6,1.17,180
385,386,1,0,2.54,547,1,1,226.8,1.02,108
386,387,1,0,9.597,547,3,3,261.12,0.72,32
387,388,1,0,0.015,547,8,960,105.6,1.56,1920
388,389,1,0,1.35,547,1,2,147.6,1.17,180
389,390,1,0,2.71,547,2,2,226.8,1.02,108
390,391,0,0,0,365,0,0,0,0,0
391,392,0,0,16.66,365,0,0,507.6,1.44,36
392,393,0,0,13.194,365,0,0,404.64,1.2,36
393,394,0,0,0,365,0,0,0,0,0
394,395,1,0,21.478,365,1,1,730.8,1.8,36
395,396,0,0,18.795,365,0,0,621.72,1.8,36
396,397,0,0,26.54,365,0,0,730.8,1.8,36
397,398,0,0,14.941,365,0,0,641.34,1.68,42
398,399,1,0,18.804,365,7,9,730.8,1.8,36
399,400,0,0,21.845,365,0,0,730.8,1.8,36
400,401,0,0,27.32,365,0,0,0,0,0
401,402,0,0,0,365,0,0,0,0,0
402,403,1,0,20.525,365,1,1,621.72,1.8,36
403,404,0,0,20.45,365,0,0,549.72,1.44,36
404,405,1,0,20.738,365,1,1,621.72,1.8,36
405,406,0,0,18.282,365,0,0,341.67,0.98,21
406,407,0,0,27.475,365,0,0,0,0,0
407,408,0,0,17.568,365,0,0,320.67,0.84,21
408,409,1,0,24.502,365,3,3,730.8,1.8,36
409,410,0,0,22.236,365,0,0,548.1,1.2,30
410,411,0,0,23.691,365,0,0,730.8,1.8,36
411,412,0,0,21.824,365,0,0,548.1,1.2,30
412,413,1,0,20.015,365,7,10,730.8,1.8,36
413,414,1,0,20.296,365,2,2,730.8,1.8,36
414,415,1,0,21.115,365,2,4,621.72,1.8,36
415,416,1,0,19.315,365,1,1,621.72,1.8,36
416,417,1,0,17.03,365,4,7,274.86,0.72,18
417,418,0,0,21.37,365,0,0,730.8,1.8,36
418,419,0,0,19.42,365,0,0,0,0,0
419,420,0,0,25.95,365,0,0,0,0,0
420,421,0,0,21.276,365,0,0,310.86,0.9,18
421,422,0,0,0.98,547,0,0,207.68,1,384
422,423,1,0,2.39,547,2,3,165.78,1.02,108
423,424,0,0,4.54,547,0,0,0,0,0
424,425,1,0,0.965,547,4,9,207.68,1,384
425,426,1,0,2.362,547,1,1,165.78,1.02,108
426,427,0,0,4.16,547,0,0,221.04,1.05,72
427,428,0,0,0,547,0,0,0,0,0
428,429,1,0,1.13,547,1,2,207.68,1,384
429,430,1,0,2.59,547,1,1,165.78,1.02,108
430,431,0,0,0,547,0,0,0,0,0
431,432,1,0,2.7,547,1,66,165.78,1.02,108
432,433,0,0,7.2,547,0,0,293.76,1.05,72
433,434,0,0,1.331,547,0,0,147.6,1.17,180
434,435,0,0,2.93,547,0,0,226.8,1.02,108
435,436,1,0,2.774,547,1,6,226.8,1.02,108
436,437,1,0,4.89,547,1,2,293.76,1.05,72
437,438,0,0,5,547,0,0,0,0,0
438,439,1,0,5.216,547,1,1,293.76,1.05,72
439,440,0,0,10.063,547,0,0,325.12,0.8,32
440,441,0,0,5.563,547,0,0,293.76,1.05,72
441,442,0,0,14.402,547,0,0,325.12,0.8,32
442,443,1,0,15.736,365,1,2,296.1,0.84,21
443,444,0,0,5.38,547,0,0,293.76,1.05,72
444,445,1,0,16.659,365,2,3,296.1,0.84,21
445,446,0,0,6.06,547,0,0,293.76,1.05,72
446,447,0,0,18.054,365,0,0,296.1,0.84,21
447,448,0,0,0,365,0,0,0,0,0
448,449,0,0,0,365,0,0,0,0,0
449,450,0,0,2.23,547,0,0,165.78,1.02,108
450,451,0,0,10.947,547,0,0,0,0,0
451,452,0,0,0,547,0,0,0,0,0
452,453,0,0,0,365,0,0,0,0,0
453,454,0,0,0,547,0,0,0,0,0
454,455,0,0,0,365,0,0,0,0,0
455,456,1,0,2.591,547,4,5,165.78,1.02,108
456,457,0,0,0,547,0,0,0,0,0
457,458,0,0,0,365,0,0,0,0,0
458,459,1,0,0.35,730,1,12,529.2,0.9,2160
459,460,0,0,0.81,547,0,0,167.68,1,384
460,461,1,0,2.956,547,2,2,226.8,1.02,108
461,462,1,0,0.894,547,3,3,167.68,1,384
462,463,1,0,3.129,547,1,1,226.8,1.02,108
463,464,1,0,0.92,547,1,6,167.68,1,384
464,465,1,0,3.237,547,7,19,165.78,1.02,108
465,466,1,0,4.718,547,2,7,261.54,1.05,72
466,467,1,0,0.9,547,3,5,167.68,1,384
467,468,1,0,2.294,547,9,20,165.78,1.02,108
468,469,1,0,4.625,547,5,7,261.54,1.05,72
469,470,1,0,0.82,547,2,5,167.68,1,384
470,471,1,0,2.38,547,3,3,165.78,1.02,108
471,472,1,0,4.837,547,5,5,261.54,1.05,72
472,473,1,0,1.069,547,2,5,167.68,1,384
473,474,1,0,2.595,547,2,4,165.78,1.02,108
474,475,1,0,5.138,547,1,2,261.54,1.05,72
475,476,0,0,3.115,547,0,0,226.8,1.02,108
476,477,0,0,0,547,0,0,0,0,0
477,478,0,0,2.24,547,0,0,165.78,1.02,108
478,479,0,0,0,547,0,0,0,0,0
479,480,1,0,0.81,547,2,9,167.68,1,384
480,481,1,0,2.616,547,4,7,165.78,1.02,108
481,482,0,0,0,547,0,0,0,0,0
482,483,1,0,0.91,547,2,7,167.68,1,384
483,484,0,0,12.301,547,0,0,0,0,0
484,485,1,0,2.438,547,6,11,165.78,1.02,108
485,486,0,0,4.818,547,0,0,261.54,1.05,72
486,487,1,0,1.04,547,1,5,167.68,1,384
487,488,1,0,2.282,547,1,3,165.78,1.02,108
488,489,1,0,0.981,547,6,7,167.68,1,384
489,490,1,0,2.701,547,11,19,165.78,1.02,108
490,491,1,0,5.344,547,2,3,261.54,1.05,72
491,492,0,0,8.535,547,0,0,0,0,0
492,493,1,0,1.05,547,64,123,167.68,1,384
493,494,1,0,3.206,547,1,3,165.78,1.02,108
494,495,0,0,0,547,0,0,0,0,0
495,496,1,0,0.64,730,2,16,187.392,1,384
496,497,0,0,0.54,730,0,0,187.392,1,384
497,498,1,0,0.56,730,2,13,187.392,1,384
498,499,0,0,0,730,0,0,0,0,0
499,500,0,0,0.52,730,0,0,187.392,1,384
500,501,1,0,0.56,730,2,12,180.48,1,384
501,502,0,0,0.57,730,0,0,0,0,0
502,503,1,0,0.51,730,3,12,187.392,1,384
503,504,1,0,0.581,730,6,44,167.68,1,384
504,505,1,0,0.598,730,6,33,529.2,0.9,2160
505,506,1,0,0.66,730,2,12,167.68,1,384
506,507,0,0,0.38,730,0,0,529.2,0.9,2160
507,508,1,0,24.88,365,1,1,296.1,0.84,21
508,509,1,0,4.37,547,3,8,226.8,1.02,108
509,510,0,0,13.266,547,0,0,227.2,0.72,32
510,511,1,0,15.807,365,3,4,296.1,0.84,21
511,512,1,0,2.99,547,4,6,226.8,1.02,108
512,513,0,0,10.33,547,0,0,0,0,0
513,514,1,0,15.131,365,1,1,296.1,0.84,21
514,515,1,0,2.25,547,1,4,165.78,1.02,108
515,516,0,0,7.28,547,0,0,0,0,0
516,517,0,0,14.698,365,0,0,296.1,0.84,21
517,518,1,0,2.833,547,1,1,226.8,1.02,108
518,519,1,0,17.634,365,1,1,296.1,0.84,21
519,520,0,0,3.129,547,0,0,226.8,1.02,108
520,521,0,0,0,547,0,0,0,0,0
521,522,0,0,0,365,0,0,0,0,0
522,523,0,0,25.69,365,0,0,296.1,0.84,21
523,524,0,0,3.323,547,0,0,165.78,1.02,108
524,525,0,0,16.369,365,0,0,257.67,0.84,21
525,526,1,0,2.587,547,1,5,165.78,1.02,108
526,527,1,0,8.92,547,1,1,195.84,0.72,32
527,528,1,0,17.649,365,2,5,296.1,0.84,21
528,529,1,0,3.18,547,1,1,226.8,1.02,108
529,530,1,0,12.179,365,21,30,257.67,0.84,21
530,531,1,0,2,547,2,4,165.78,1.02,108
531,532,0,0,2.95,547,0,0,0,0,0
532,533,0,0,23.61,365,0,0,0,0,0
533,534,0,0,0,547,0,0,0,0,0
534,535,0,0,3.115,547,0,0,226.8,1.02,108
535,536,0,0,0,365,0,0,0,0,0
536,537,0,0,3.11,547,0,0,226.8,1.02,108
537,538,0,0,16.192,365,0,0,257.67,0.84,21
538,539,1,0,2.571,547,1,1,165.78,1.02,108
539,540,1,0,8.72,547,51,86,195.84,0.72,32
540,541,0,0,3.898,547,0,0,0,0,0
541,542,0,0,8.808,547,0,0,293.76,1.05,72
542,543,0,0,0,547,0,0,0,0,0
543,544,1,0,3.865,547,1,1,277.56,1.02,108
544,545,0,0,0,365,0,0,0,0,0
545,546,1,0,2.88,547,5,12,226.8,1.02,108
546,547,0,0,0,547,0,0,0,0,0
547,548,0,0,18.8375,365,0,0,0,0,0
548,549,0,0,2.808,547,0,0,226.8,1.02,108
549,550,0,0,9.014,547,0,0,243.84,0.72,32
550,551,0,0,0,365,0,0,0,0,0
551,552,0,0,3.277,547,0,0,165.78,1.02,108
552,553,1,0,0.19,547,11,11,168.48,0.45,144
553,554,0,0,0,547,0,0,0,0,0
554,555,1,0,3.37,547,1,1,226.8,1.02,108
555,556,0,0,0,547,0,0,0,0,0
556,557,1,0,0.59,547,4,5,0,0,18
557,558,0,0,16.066,365,0,0,257.67,0.84,21
558,559,0,0,3.34,547,0,0,226.8,1.02,108
559,560,0,0,8.82,547,0,0,221.04,1.05,72
560,561,0,0,21.84,547,0,0,261.12,0.72,32
561,562,1,0,14.683,365,8,8,257.67,0.84,21
562,563,1,0,2.53,547,2,2,165.78,1.02,108
563,564,0,0,3.03,547,0,0,0,0,0
564,565,0,0,13.824,547,0,0,325.12,0.8,32
565,566,0,0,3.7875,547,0,0,226.8,1.02,108
566,567,1,0,2.724,547,2,5,165.78,1.02,108
567,568,0,0,5.82,547,0,0,261.54,1.05,72
568,569,0,0,2.508,730,0,0,408,1.2,240
569,570,1,0,1.06,547,2,4,207.68,1,384
570,571,1,0,3.26,547,1,2,226.8,1.02,108
571,572,1,0,0.936,547,3,7,167.68,1,384
572,573,1,0,2.448,547,3,12,165.78,1.02,108
573,574,1,0,4.923,547,10,15,261.54,1.05,72
574,575,0,0,9.504,547,0,0,195.84,0.72,32
575,576,0,0,1.367,547,0,0,207.68,1,384
576,577,1,0,5.423,547,4,5,277.56,1.02,108
577,578,0,0,0,547,0,0,0,0,0
578,579,1,0,0.727,547,2,2,167.68,1,384
579,580,1,0,2.19,547,1,1,165.78,1.02,108
580,581,1,0,4.69,547,2,3,261.54,1.05,72
581,582,1,0,7.544,547,1,1,195.84,0.72,32
582,583,1,0,0.916,547,8,19,167.68,1,384
583,584,1,0,3.095,547,4,5,226.8,1.02,108
584,585,1,0,1.08,547,2,4,167.68,1,384
585,586,1,0,2.786,547,2,6,165.78,1.02,108
586,587,1,0,6.471,547,1,1,261.54,1.05,72
587,588,1,0,0.936,547,3,5,167.68,1,384
588,589,1,0,2.653,547,1,1,165.78,1.02,108
589,590,1,0,2.45,547,2,2,165.78,1.02,108
590,591,1,0,0.928,547,1,5,167.68,1,384
591,592,1,0,2.39,547,5,10,165.78,1.02,108
592,593,1,0,4.948,547,1,2,261.54,1.05,72
593,594,0,0,9.98,547,0,0,195.84,0.72,32
594,595,1,0,2.35,547,7,8,165.78,1.02,108
595,596,0,0,5.09,547,0,0,261.54,1.05,72
596,597,0,0,1.089,547,0,0,167.68,1,384
597,598,1,0,3.09,547,2,2,165.78,1.02,108
598,599,0,0,0,547,0,0,0,0,0
599,600,1,0,1.129,547,4,15,207.68,1,384
600,601,0,0,3.305,547,0,0,226.8,0,108
601,602,1,0,0.99,547,3,7,207.68,1,384
602,603,1,0,3.061,547,1,1,226.8,1.02,108
603,604,1,0,0.942,547,1,3,167.68,1,384
604,605,1,0,2.33,547,6,14,165.78,1.02,108
605,606,1,0,4.943,547,7,8,261.54,1.05,72
606,607,0,0,8.25,547,0,0,195.84,0.72,32
607,608,1,0,3.718,547,4,8,226.8,1.02,108
608,609,0,0,7.208,547,0,0,293.76,1.05,72
609,610,1,0,0.98,547,5,17,167.68,1,384
610,611,1,0,3.503,547,11,23,226.8,1.02,108
611,612,1,0,6.546,547,1,3,293.76,1.05,72
612,613,1,0,1.034,547,4,7,167.68,1,384
613,614,1,0,3.107,547,1,2,226.8,1.02,108
614,615,0,0,3.21,547,0,0,226.8,1.02,108
615,616,0,0,1.25,547,0,0,207.68,1,384
616,617,0,0,3.41,547,0,0,226.8,1.02,108
617,618,1,0,1.77,730,1,1,348.48,0.9,288
618,619,1,0,1.76,730,3,4,336.96,0.9,288
619,620,0,0,0,730,0,0,0,0,0
620,621,1,0,1.74,730,4,7,336.96,0.9,288
621,622,0,0,0,730,0,0,0,0,0
622,623,1,0,1.89,730,6,20,348.48,0.9,288
623,624,0,0,1.95,730,0,0,348.48,0.9,288
624,625,1,0,1.977,730,3,5,348.48,0.9,288
625,626,1,0,1.84,730,1,1,348.48,0.9,288
626,627,0,0,2.21,730,0,0,348.48,0.9,288
627,628,1,0,1.778,730,11,24,348.48,0.9,288
628,629,1,0,1.96,730,5,9,336.96,0.9,288
629,630,0,0,0,730,0,0,0,0,0
630,631,0,0,1.927,730,0,0,348.48,0.9,288
631,632,0,0,0,730,0,0,0,0,0
632,633,0,0,1.91,730,0,0,348.48,0.9,288
633,634,1,0,1.93,730,4,8,348.48,0.9,288
634,635,1,0,1.78,730,2,4,348.48,0.9,288
635,636,1,0,1.81,730,1,1,348.48,0.9,288
636,637,0,0,0,730,0,0,0,0,0
637,638,0,0,0.41,730,0,0,529.2,0.9,2160
638,639,0,0,0.37,730,0,0,529.2,0.9,2160
639,640,1,0,1.847,730,8,12,348.48,0.9,288
640,641,1,0,1.788,0,2,12,198,1.02,180
641,642,0,0,3.93,0,0,0,266.4,1.02,108
642,643,0,0,1.9,730,0,0,348.48,0.9,288
643,644,0,0,0,0,0,0,0,1.13,180
644,645,1,0,1.104,0,2,46,198,1.02,240
645,646,1,0,1.02,0,6,63,138,0.4,600
646,647,0,0,0,0,0,0,0,0.5,200
647,648,0,0,2.07,730,0,0,348.48,0.9,288
648,649,0,0,0,0,0,0,0,0.25,100
649,650,0,0,0,0,0,0,0,0.35,30
650,651,0,0,7.368,547,0,0,293.76,1.05,72
651,652,0,0,4.0375,0,0,0,0,0.9,45
652,653,0,0,4.0625,0,0,0,0,0.9,50
653,654,0,0,3.4625,0,0,0,0,0.6,30
654,655,0,0,3.4,0,0,0,0,0.35,24
655,656,0,0,11.3125,0,0,0,0,0.8,21
656,657,0,0,6.3125,0,0,0,0,0.35,24
657,658,0,0,2.1875,0,0,0,0,0,0
658,659,0,0,5.775,0,0,0,0,0.6,24
659,660,0,0,0,0,0,0,0,0.6,24
660,661,0,0,0,0,0,0,0,0,0
661,662,0,0,6.75,0,0,0,0,0.7,72
662,663,0,0,0,0,0,0,0,0,0
663,664,0,0,3.35,0,0,0,0,0.6,30
664,665,0,0,0,0,0,0,0,0,0
665,666,0,0,3.9,0,0,0,0,0.6,8
666,667,0,0,0,0,0,0,0,0.6,30
667,668,0,0,6.3125,0,0,0,0,0.6,24
668,669,0,0,0,0,0,0,0,0,0
669,670,1,0,0.0137,0,92,1835,800,0,200000
670,671,1,0,0.63,0,9,197,54,0.63,12000
671,672,1,0,0,0,1,5,21.6,0.6,18000
672,673,0,0,0,0,0,0,36,0.66,1500
673,674,1,0,0.0033,0,187,2777,276,1,4800
674,675,1,0,0.356,0,15,1444,113.4,0.75,1800
675,676,1,0,1.62,0,6,71,48,0.4,4800
676,677,1,0,0.2,0,4,225,102.5,0.4,5000
677,678,0,0,0,0,0,0,0,0.3,2300
678,679,1,0,0,0,9,135,60,0.54,600
679,680,0,0,0,0,0,0,0,1,2100
680,681,0,0,0.76,0,0,0,111.6,0.6,1200
681,682,0,0,0,0,0,0,84,0.7,40000
682,683,0,0,0,0,0,0,0,0.5,1480
683,684,1,0,0,0,59,1012,130.56,1.2,384
684,685,1,0,0,0,1,5,80,0.4,8000
685,686,1,0,0,0,3,330,54,0.75,1800
686,687,1,0,0,0,99,2122,60,0.54,600
687,688,1,0,0.6,0,4,130,102.5,0,5000
688,689,0,0,0,0,0,0,0,0.4,1200
689,690,1,0,0,0,1,55,0,1,800
690,691,1,0,0,0,10,294,52.8,0.6,4800
691,692,1,0,0.76,0,27,382,73.6,0.6,800
692,693,0,0,0,0,0,0,0,0.3,1000
693,694,1,0,1,0,1,74,84,0.6,8000
694,695,1,0,0,0,5,42,102.5,0.4,5000
695,696,0,0,0,0,0,0,50.4,1,800
696,697,0,0,0.2,0,0,0,97.6,0.6,4800
697,698,0,0,0,0,0,0,246,1,600
698,699,0,0,0,0,0,0,0,0.4,500
699,700,1,0,2.43,0,32,395,123.24,1.2,156
700,701,1,0,0,0,17,153,600,1.8,500
701,702,1,0,0.17,0,58,864,131.4,0.75,1800
702,703,0,0,0,0,0,0,0,0.6,500
703,704,0,0,0,0,0,0,0,1.6,400
704,705,1,0,0,0,19,1057,38.4,0.6,1200
705,706,1,0,0,0,15,261,112,1.7,350
706,707,1,0,12,0,7,313,189,0.6,4500
707,708,1,0,5,0,4,157,146.4,0.6,4800
708,709,0,0,0,0,0,0,0,0.25,300
709,710,0,0,0,0,0,0,0,1.5,300
710,711,1,0,1.205,0,9,212,111.6,0.75,900
711,712,0,0,0,0,0,0,0,0.6,150
712,713,1,0,1.47,0,3,4,360,2.1,300
713,714,1,0,0,0,5,141,84,0.73,960
714,715,1,0,1.47,0,19,194,20.16,0,144
715,716,0,0,0,0,0,0,210.24,1.2,144
716,717,0,0,0,0,0,0,0,0.35,200
717,718,0,0,0,0,0,0,0,0.3,300
718,719,1,0,6.8,0,11,107,136,0.48,160
719,720,0,0,0.3,0,0,0,420,1,200
720,721,1,0,0,0,6,89,183.6,0.9,1800
721,722,0,0,0,0,0,0,0,0.25,500
722,723,1,0,0,0,4,83,20,0.6,800
723,724,1,0,0,0,7,167,262.5,1.8,150
724,725,1,0,12.3,0,13,64,174,1,300
725,726,0,0,0,0,0,0,0,0.3,300
726,727,0,0,0,0,0,0,0,0.3,500
727,728,0,0,0,0,0,0,84,0.8,400
728,729,1,0,0,0,13,116,83.2,0.2,80
729,730,0,0,0.5,0,0,0,36,0.5,1600
730,731,1,0,0,0,1,10,44,0.4,800
731,732,1,0,0,0,4,39,50,1.8,150
732,733,1,0,1.5,0,4,82,2.88,0,288
733,734,1,0,0,0,1,30,84,0.73,960
734,735,1,0,4.98,0,8,20,33,0.5,1000
735,736,1,0,4.584,0,7,83,216,0.75,900
736,737,1,0,0,0,3,99,62.4,0.6,2000
737,738,0,0,0,0,0,0,30,0.5,600
738,739,1,0,0,0,2,7,43,0.4,1000
739,740,0,0,0,0,0,0,44,0.7,4000
740,741,0,0,0,0,0,0,0,0.25,200
741,742,0,0,0,0,0,0,45,0.6,180
742,743,1,0,0,0,12,103,212.4,1.8,150
743,744,1,0,0,0,7,38,73.6,0.4,2400
744,745,1,0,0,0,3,43,52,0.7,800
745,746,1,0,0,0,5,52,185.4,0.9,900
746,747,0,0,0,0,0,0,0,0.6,20
747,748,1,0,7.593,0,21,30,0,1.7,80
748,749,1,0,4.813,0,17,111,124,0.64,48
749,750,1,0,0,0,2,20,124,0.6,1200
750,751,1,0,0,0,1,20,15.72,0.9,144
751,752,1,0,0,0,4,40,131.4,0.9,900
752,753,1,0,0,0,2,32,185.4,0.75,360
753,754,0,0,0,0,0,0,44,0.4,4000
754,755,0,0,1.48,0,0,0,140.4,0.75,1800
755,756,0,0,0.5986,0,0,0,80,0.4,400
756,757,0,0,0,0,0,0,156,0.84,1200
757,758,0,0,0,0,0,0,0,0.3,50
758,759,1,0,0,0,5,8,100,0,40
759,760,1,0,0,0,7,27,92,0.78,32
760,761,0,0,0,0,0,0,0,0,0
761,762,1,0,0.324,0,29,37,210,0,50
762,763,0,0,7.98,0,0,0,80,0.4,400
763,764,0,0,1.47,0,0,0,0,0,0
764,765,1,0,0,0,2,2,272,1.36,96
765,766,0,0,8,0,0,0,40,0.6,100
766,767,0,0,0,0,0,0,0,0.6,25
767,768,0,0,1.0409,0,0,0,80,0.4,400
768,769,1,0,20,0,1,3,160,0.8,80
769,770,1,0,5.905,0,6,15,240,0,400
770,771,0,0,0,0,0,0,0,0.35,50
771,772,1,0,2.5,0,2,24,225,0,1500
772,773,1,0,0,0,1,9,146.6,0.5,1600
773,774,0,0,0,0,0,0,480,2,400
774,775,1,0,0,0,3,17,0,0.5,50
775,776,1,0,31,0,1,9,93,0.78,600
776,777,0,0,0,0,0,0,146.6,0.5,1600
777,778,1,0,0,0,2,57,160,1.25,1600
778,779,0,0,0,0,0,0,38.4,0.6,600
779,780,0,0,6.333,0,0,0,0,0,8
780,781,1,0,18,0,2,8,66,0.6,600
781,782,1,0,0,0,1,1,93.6,0.78,600
782,783,1,0,0,0,1,8,93.6,0.78,600
783,784,0,0,0,0,0,0,0,0,10
784,785,0,0,40,0,0,0,0,0,216
785,786,0,0,0,0,0,0,0,0.25,20
786,787,0,0,0,0,0,0,42.4,0.5,1000
787,788,1,0,0,0,1,3,93.6,0.78,600
788,789,1,0,0,0,1,4,93.6,0.78,600
789,790,0,0,0,0,0,0,20,1,80
790,791,0,0,0,0,0,0,0,0.3,5
791,792,0,0,0,0,0,0,0,0,3
792,793,1,0,0,0,9,278,102.5,0.4,5000
793,794,1,0,18,0,1,2,42.4,0.5,1000
794,795,0,0,0,0,0,0,93.6,0.78,600
795,796,0,0,0,0,0,0,0,0.6,6
796,797,0,0,3.643,0,0,0,0,0.35,500
797,798,0,0,0,0,0,0,0,0,0
798,799,0,0,0,0,0,0,0,0.25,500
799,800,0,0,0,0,0,0,93.6,0.78,600
800,801,0,0,34.85,0,0,0,0,0.2,20
801,802,0,0,0,0,0,0,0,0,0
802,803,0,0,0,0,0,0,0,0.25,100
803,804,0,0,0,0,0,0,0,0,5
804,805,0,0,0,0,0,0,0,0,0
805,806,0,0,0,0,0,0,0,0.5,10
806,807,1,0,0.4,0,45,407,320,1,8000
807,808,1,0,0,0,9,260,52.8,0.6,4800
808,809,1,0,0,0,2,14,9.6,0.7,80
809,810,0,0,0,0,0,0,15,0.15,1
810,811,1,0,0.4916,0,14,359,45,0.6,1800
811,812,0,0,0,0,0,0,0,0.3,500
812,813,1,0,0,0,2,4,0,0,0
813,814,1,0,0,0,1,200,102.5,0.4,5000
814,815,1,0,0,0,57,701,102.5,0.4,5000
815,816,1,0,0,0,3,6,432,1.19,864
816,817,1,0,0,0,8,36,226.8,1.2,720
817,818,1,0,0.348,0,6,1412,48,0.6,8000
818,819,0,0,0,0,0,0,24,0.5,120
819,820,1,0,15.96,0,9,23,36,0.5,240
820,821,1,0,0,0,14,162,20,0.25,12480
821,822,0,0,1.038,0,0,0,120,0.6,1200
822,823,1,0,0,0,1,16,120,0.6,2400
823,824,1,0,0.695,0,128,1566,249.6,0.9,1152
824,825,1,0,0.043,0,253,5430,54,0.9,2250
825,826,0,1,0,547,0,0,249.6,0,384
826,827,0,1,0,547,0,0,249.6,0,384
827,828,0,1,0,547,0,0,249.6,0,384
828,829,0,1,0,547,0,0,211.2,0,384
829,830,1,0,518.592,0,1,1,1,0.04,2
830,831,1,0,0,0,1,1,45,1,10
831,832,1,0,0,0,1,3,12.5,0.35,25
832,833,0,0,0,0,0,0,40,0.25,20
833,834,0,0,0,0,0,0,0.8,0.3,4
834,835,0,0,0,0,0,0,1.2,0.2,4
835,836,0,0,0,0,0,0,144,1.44,8
836,837,0,0,291.205,0,0,0,345,0.75,5
837,838,0,0,0,0,0,0,1.2,0.2,5
838,839,1,1,13.342,547,2,2,257.67,0.84,21
839,840,0,1,0,547,0,0,221,1.18,72
840,841,0,0,0,0,0,0,80,0.8,3200
841,842,0,0,0,0,0,0,80,0.8,3200
842,843,0,1,3.735,547,0,0,221.04,1.05,72
843,844,1,1,1.96,730,14,18,336.96,0.9,288
844,845,1,1,1.87,730,16,26,336.96,0.9,288
845,846,1,1,1.66,730,10,11,336.96,0.9,288
846,847,1,1,1.801,730,7,10,336.96,0.9,288
847,848,1,1,1.489,547,2,2,147.6,1.17,180
848,849,0,1,3.508,547,0,0,221.04,1.05,72
849,850,1,1,16.502,547,1,1,147.24,0.48,12
850,851,1,1,2.435,547,2,3,166,1.19,108
851,852,0,0,2.892,734,0,0,175.5,1.02,108
852,853,0,0,2.82,547,0,0,175.5,1.02,108
853,854,0,0,2.82,547,0,0,175.5,1.02,108
854,855,0,0,3.768,547,0,0,230.4,1.02,108
855,856,0,0,0,0,0,0,10,0.4,400
856,857,1,1,2.827,547,1,3,226.8,1.02,108
857,858,1,1,11.743,547,2,2,325.12,0.8,32
858,859,0,0,21.2,365,0,0,300,0.84,21
859,860,0,0,19.26,365,0,0,300,0.84,21
860,861,0,0,17.76,365,0,0,300,0.84,441
861,862,0,0,21.084,365,0,0,300,0.84,21
862,863,0,0,20.74,365,0,0,548,1.5,30
863,864,0,0,0,365,0,0,177,1.02,72
864,865,0,1,10.99,547,0,0,243.84,0.72,32
865,866,0,1,11.81,547,0,0,293.12,0.8,32
866,867,0,1,0.12,547,0,0,105.6,0.6,1920
867,868,1,1,0.18,547,2,640,105.6,0.6,1920
868,869,1,1,0.015,547,1,80,105.6,1.56,1920
869,870,1,1,0.006,547,8,1860,105.6,1.56,1920
870,871,1,1,0.192,547,9,1500,105.6,1.56,1920
871,872,1,1,0.2,547,4,980,105.6,1.56,1920
872,873,1,1,0.031,547,3,200,105.6,1.56,1920
873,874,1,1,0.207,547,8,2300,105.6,1.56,1920
874,875,1,1,0.204,547,3,979,105.6,1.56,1920
875,876,0,1,3.234,547,0,0,226.8,1.02,108
876,877,0,1,11.174,547,0,0,293.12,0.8,32
877,878,1,0,13.289,547,1,1,325.12,0.8,32
878,879,0,1,2.318,547,0,0,165.78,1.02,108
879,880,1,1,9.298,547,1,1,261.12,0.72,32
880,881,1,1,5.477,547,4,6,293.76,1.05,72
881,882,0,1,1.34,547,0,0,207.68,1,384
882,883,1,1,5.617,547,3,3,293.76,1.05,72
883,884,0,1,12.049,547,0,0,325.12,0.8,32
884,885,0,1,9.032,547,0,0,261.12,0.72,32
885,886,0,1,1.07,547,0,0,207.68,1,384
886,887,1,1,0.969,547,7,9,167.68,1,384
887,888,0,0,23.604,365,0,0,578.1,1.2,30
888,889,0,1,10.783,547,0,0,293.12,0.8,32
889,890,1,0,0,365,54,182,183,0.9,72
890,891,1,0,0,365,35,161,147,0.9,72
891,892,1,0,0,365,24,65,147,0.9,72
892,893,1,0,0,365,37,172,147,0.9,72
893,894,0,0,21.78,365,0,0,578,1.2,30
894,895,0,0,0,365,0,0,578,1.2,30
895,896,1,1,0.2,547,9,1140,98,1.56,1920
896,897,1,1,0.16,0,1,420,105.6,1.56,1920
897,898,1,1,0.057,547,2,720,105.6,1.56,1920
898,899,1,1,0.18,547,11,2280,105.6,1.56,1920
899,900,1,1,0.204,547,4,1640,105.6,1.56,1920
900,901,0,1,0,547,0,0,105.6,1.56,1920
901,902,0,0,0.5,0,0,0,50.4,0.5,2400
902,903,0,0,0.5,0,0,0,50.4,0.5,2400
903,904,1,1,0.2,547,1,140,105.6,1.56,1920
904,905,1,1,0.013,547,1,20,105.6,1.56,1920
905,906,1,1,15.18,365,3,3,258,0.84,21
906,907,0,0,16.52,547,0,0,293.12,0.8,32
907,908,0,0,6.339,547,0,0,261.54,1.05,72
908,909,0,0,4.39,547,0,0,226.8,1.02,108
909,910,0,0,15.94,547,0,0,325.12,0.8,32
910,911,0,0,18.199,547,0,0,325.12,0.8,32
911,912,0,0,6.98,547,0,0,293.76,1.05,72
912,913,0,0,14.71,547,0,0,293.12,0.8,32
913,914,0,0,6.12,547,0,0,261.54,1.05,72
914,915,0,0,7.27,547,0,0,261.54,1.05,72
915,916,0,0,3.68,547,0,0,226.8,1.02,108
916,917,0,0,2.55,547,0,0,165.78,1.02,108
917,918,0,0,4.84,547,0,0,226.8,1.02,108
918,919,0,1,1.98,547,0,0,147.6,1.17,180
919,920,1,0,0,0,1,23,33.6,1.2,56
920,921,0,1,3.17,547,0,0,226.8,1.02,108
921,922,0,0,0,0,0,0,400,0,200
922,923,0,0,1.344,0,0,0,190.6,1.2,576
923,924,1,0,1.344,0,6,161,190.6,1.2,576
924,925,0,1,0,547,0,0,105.6,1.56,1920
925,926,1,1,0.216,547,2,180,105.6,1.56,1920
926,927,0,1,0.194,547,0,0,105.6,1.56,1920
927,928,0,1,13.4904,547,0,0,325.12,1.19,32
928,929,1,0,12.249,547,12,28,325.12,0.8,32
929,930,1,0,0,547,6,1100,105.6,1.56,1920
930,931,1,0,0.24,547,5,900,105.6,1.56,1920
931,932,1,0,0.063,547,1,440,105.6,1.56,1920
932,933,1,0,0.216,547,10,1800,105.6,1.56,1920
933,934,1,0,0.216,547,11,2060,105.6,1.56,1920
934,935,1,0,0.192,547,9,1520,105.6,1.56,1920
935,936,1,0,0,547,3,540,105.6,1.56,1920
936,937,0,0,0,547,0,0,105.6,1.56,1920
937,938,0,1,3.441,547,0,0,226.8,1.02,108
938,939,1,0,0,0,3,8,210.24,1.2,144
939,940,1,0,0,0,4,134,180,1,900
940,941,1,0,0,0,58,936,128,0.8,12800
941,942,0,0,0,0,0,0,250,1,2500
942,943,0,0,0,0,0,0,250,1,2500
943,944,1,1,9.255,547,4,4,228,0.72,32
944,945,1,1,9.29,547,2,3,228,0.72,32
945,946,1,1,0.18,547,46,506,98,0.36,1920
946,947,1,1,0.01,547,2,1020,98,0.39,1920
947,948,0,1,0.107,547,0,0,98,1.56,1920
948,949,1,1,0.228,547,3,1440,98,1.56,1920
949,950,0,0,0.228,0,0,0,0,0,0
950,951,1,1,9.304,547,1,1,228,1.19,32
951,952,0,1,4.325,547,0,0,221,1.18,72
952,953,1,1,1.76,730,7,14,322.56,1.05,288
953,954,0,0,0.204,547,0,0,0,0,0
954,955,0,0,0.156,547,0,0,98,1.19,1920
955,956,1,0,0.17,547,67,653,105.6,0,1920
956,957,1,0,0.22,547,171,1560,79.2,0,1440
957,958,1,0,0.19,547,131,1070,105.6,0,1920
958,959,1,0,0.21,547,181,1545,79.2,0,1440
959,960,0,0,0.15,547,0,0,105.6,1.56,1920
960,961,0,0,0.15,547,0,0,105.6,1.56,1920
961,962,1,0,0.14,547,89,650,105.6,0,1920
962,963,1,0,0.12,547,89,640,105.6,0,1920
963,964,0,0,0,0,0,0,207,1.2,180
964,965,0,0,0,0,0,0,800,1.2,2500
965,966,1,0,6.35,0,19,119,92.8,1.2,160
966,967,1,0,2.94,0,4,115,36,1.19,180
967,968,1,1,0.133,0,15,155,105.6,1.19,1920
968,969,0,1,0,0,0,0,105.6,1.19,1920
969,970,0,1,0,0,0,0,105.6,1.19,1920
970,971,1,1,0.043,0,69,665,105.6,1.19,1920
971,972,0,1,0.14,0,0,0,105.6,1.19,1920
972,973,0,1,1.95,547,0,0,314.88,1.2,384
973,974,0,1,1.62,547,0,0,262.4,1.13,384
974,975,1,1,0,547,3,660,105.6,1.2,1920
975,976,0,1,0.063,547,0,0,105.6,1.56,1920
976,977,0,1,0.195,547,0,0,105.6,1.2,1920
977,978,1,2,0.18,547,5,480,105.6,1.2,1920
978,979,0,1,0.017,547,0,0,105.6,1.2,1920
979,980,0,1,0,547,0,0,105.6,1.2,1920
980,981,0,1,1.59,547,0,0,226.08,1.191,180
981,982,0,1,1.82,547,0,0,226.08,1.02,180
982,983,0,1,1.5,547,0,0,226.08,1.02,180
983,984,1,1,2.38,547,1,1,226.08,1.19,180
984,985,1,0,0,0,13,2430,12.6,1.19,4200
985,986,1,0,0,0,56,1320,96,0,384
986,987,1,0,1.78,0,2,59,420,1.19,2100
987,988,0,0,0,0,0,0,250,0,2500
988,989,1,0,13.354,547,1,2,259.2,0,32
989,990,1,1,11.074,547,1,1,259.2,0,32
990,991,1,1,18.1,547,14,24,641.34,0,42
991,992,0,1,18.22,547,0,0,641.34,0,42
992,993,1,1,3.829,456,52,131,502.74,0,630
993,994,0,1,3.91,547,0,0,502.74,0,630
994,995,1,1,4.2,456,2,3,502.74,0,630
995,996,0,1,4.58,456,0,0,502.74,0,630
996,997,0,1,4.49,456,0,0,502.74,0,630
997,998,1,0,1.94,0,12,525,60,0,1200
998,999,1,0,0,0,31,476,324,0,648
999,1000,1,0,0,0,29,2979,192,0,1600
1000,1001,0,0,3.298,547,0,0,223.2,0,108
1001,1002,0,0,14.55,547,0,0,325.12,0,32
1002,1003,1,0,18.45,365,4,16,657.72,0,36
1003,1004,0,0,12.47,547,0,0,325.12,0,32
1004,1005,1,0,11.49,547,3,12,124.92,0,180
1005,1006,1,0,1.04,0,172,1979,224.64,0,1728
1006,1007,1,1,0.13,547,132,1100,105.6,0,1920
1007,1008,1,1,0.17,547,131,1060,105.6,0,1920
1008,1009,1,1,0.2,547,117,832,105.6,0,1920
1009,1010,0,1,0,547,0,0,105.6,0,1920
1010,1011,0,1,0.17,547,0,0,105.6,0,1920
1011,1012,0,1,0,547,0,0,105.6,0,1920
1012,1013,1,1,0,547,57,412,105.6,0,1920
1013,1014,1,0,1.86,0,2,62,64,0,3200
1014,1015,1,0,0.62,0,34,401,1.6,0,8000
1015,1016,0,0,4.35,0,0,0,0,0,360
1016,1017,1,0,0,0,15,523,28.8,0,288
1017,1018,0,0,0,0,0,0,225,0,1500
1018,1019,1,0,1.5,0,2,200,450,0,2500
1019,1020,1,0,0,547,8,63,176,0,32
1020,1021,0,1,0.532,730,0,0,163.584,0,384
1021,1022,1,0,0,0,13,468,160,0,40000
1022,1023,1,2,0,0,29,516,240,0,60000
1023,1024,0,0,6.05,547,0,0,226.8,0,108
1024,1025,1,0,0,0,4,70,84,0,120
1025,1026,0,0,0,0,0,0,19.2,0,48
1026,1027,0,1,3.27,547,0,0,262.98,1.19,108
1027,1028,1,1,0.18,547,49,421,96,0,1920
1028,1029,1,1,0.18,547,52,446,96,0,1920
1029,1030,1,1,0.869,730,2,4,180.48,0,384
1030,1031,1,0,0,0,126,132,92.4,0,132
1031,1032,0,0,0,0,0,0,20.16,0,144
1032,1033,0,1,2.76,730,0,0,336.96,0,288
1033,1034,0,1,0.94,547,0,0,159.36,0,384
1034,1035,1,1,0,547,82,690,105.6,0,1920
1035,1036,1,1,0,547,89,590,105.6,0,1920
1036,1037,1,1,0,547,66,540,105.6,0,1920
1037,1038,1,0,0,0,1,3,3,0,1
1038,1039,1,0,0,0,1,2,5,0,1
1039,1040,0,0,0,0,0,0,100,0,5
1040,1041,1,0,0,0,1,2,90,0,18
1041,1042,0,1,0,730,0,0,322.56,0,288
1042,1043,1,0,0,0,54,621,330,0,6000
1043,1044,1,0,0,0,80,1603,25,0,2500
1044,1045,0,1,0,730,0,0,322.56,0,288
1045,1046,0,0,0,0,0,0,250,0,2500
1046,1047,0,0,0,0,0,0,84,0,120
1047,1048,0,0,0,0,0,0,92.8,0,160
1048,1049,0,0,0,0,0,0,3.37,0,1
1049,1050,0,0,0,0,0,0,8.28,0,2
1050,1051,0,0,0,0,0,0,2.7,0,10
1051,1052,0,0,0,0,0,0,2.7,0,10
1052,1053,0,0,0,0,0,0,8.67,0,1
1053,1054,0,0,0,0,0,0,6.55,0,1
1054,1055,0,0,0,0,0,0,4.37,0,1
1055,1056,0,0,0,0,0,0,5.47,0,1
1056,1057,0,0,0,0,0,0,20,0,1
1057,1058,0,0,0,0,0,0,14.06,0,1
1058,1059,0,0,0,0,0,0,50,0,100
1059,1060,1,0,0,0,2,6,94.14,0,6
1060,1061,0,1,0,547,0,0,105.6,0,1920
1061,1062,1,0,0,0,8,115,96,0,240
1062,1063,0,0,0,0,0,0,518.4,0,1920
1063,1064,0,0,0,0,0,0,173.6,0,248
1064,1065,0,0,0,0,0,0,210,0,50
1065,1066,0,0,0,730,0,0,336.96,0.9,288
1066,1067,0,0,0,547,0,0,220.32,0,108
1067,1068,0,0,0,547,0,0,105.6,0,1920
1068,1069,0,0,0,0,0,0,9.12,0,48
1069,1070,0,0,0,0,0,0,2.7,0,10
1070,1071,1,0,0,0,1,1,13.36,0,4
1071,1072,1,0,0,0,6,150,77.76,0,288
1072,1073,0,1,0.0576,547,0,0,105.6,1.56,1920
1073,1074,1,1,0.086,547,7,840,105.6,1.56,1920
1074,1075,0,1,0,547,0,0,0,0,0
1075,1076,0,1,0,547,0,0,0,0,0
1076,1077,0,1,0.19,547,0,0,0,0,0
1077,1078,1,1,0.006,547,15,1800,105.6,1.56,1920
1078,1079,1,1,0.2,547,8,1800,105.6,1.56,1920
1079,1080,0,1,0,547,0,0,0,0,0
1080,1081,0,1,0,547,0,0,0,0,0
1081,1082,1,1,0.058,547,22,2760,105.6,1.56,1920
1082,1083,0,1,0,547,0,0,0,0,0
1083,1084,0,1,0,547,0,0,0,0,0
1084,1085,0,1,0,547,0,0,0,0,0
1085,1086,1,1,0.106,547,9,1080,105.6,1.56,1920
1086,1087,1,1,0.096,547,17,2542,105.6,1.56,1920
1087,1088,1,1,0.107,547,1,60,105.6,1.56,1920
1088,1089,1,1,0.15,547,310,9142,105.6,1.56,1920
1089,1090,0,1,0,547,0,0,0,0,0
1090,1091,1,1,0.195,547,15,2040,105.6,1.56,1920
1091,1092,0,1,0.2375,547,0,0,0,0,0
1092,1093,1,1,0.2,547,15,2280,105.6,1.56,1920
1093,1094,1,1,0.04,547,12,1800,105.6,1.56,1920
1094,1095,0,1,0.25,547,0,0,0,0,0
1095,1096,1,1,0.033,547,1,780,105.6,1.56,1920
1096,1097,1,1,0,547,14,1360,105.6,1.56,1920
1097,1098,1,1,0.264,547,6,659,105.6,1.56,1920
1098,1099,0,1,0.17,547,0,0,0,0,0
1099,1100,1,1,0.2,547,3,260,105.6,1.56,1920
1100,1101,0,1,0,547,0,0,0,0,0
1101,1102,1,1,0.063,547,21,3300,105.6,1.56,1920
1102,1103,0,1,0,547,0,0,0,0,0
1103,1104,0,1,0.17,547,0,0,0,0,0
1104,1105,0,1,0,547,0,0,0,0,0
1105,1106,0,1,0.3,547,0,0,0,0,0
1106,1107,0,1,0.16,547,0,0,0,0,0
1107,1108,1,1,0.0036,547,29,2658,105.6,1.56,1920
1108,1109,0,1,0,547,0,0,0,0,0
1109,1110,1,1,0.194,547,12,1620,105.6,1.56,1920
1110,1111,0,1,0.135,547,0,0,105.6,1.56,1920
1111,1112,1,1,0.016,547,13,1140,105.6,1.56,1920
1112,1113,1,1,0.015,547,15,1620,105.6,1.56,1920
1113,1114,1,1,0.015,547,9,660,105.6,1.56,1920
1114,1115,0,1,0,547,0,0,0,0,0
1115,1116,0,1,0,547,0,0,0,0,0
1116,1117,0,1,0.16,547,0,0,105.6,1.56,1920
1117,1118,0,1,0.057,547,0,0,0,0,0
1118,1119,0,1,0.18,547,0,0,0,0,0
1119,1120,0,1,0,547,0,0,0,0,0
1120,1121,1,1,0.14,547,11,1920,105.6,0,1920
1121,1122,1,1,0.12,547,11,1920,105.6,0,1920
1122,1123,0,1,0.144,547,0,0,105.6,1.56,1920
1123,1124,0,1,0,547,0,0,0,0,0
1124,1125,0,1,0,547,0,0,0,0,0
1125,1126,0,1,0,547,0,0,0,0,0
1126,1127,0,1,0,547,0,0,0,0,0
1127,1128,0,1,0.048,547,0,0,105.6,1.56,1920
1128,1129,0,1,0.15,547,0,0,105.6,1.56,1920
1129,1130,0,1,0.25,547,0,0,0,0,0
1130,1131,1,1,0.24,547,1,1,0,0,0
1131,1132,1,1,0.2375,547,109,1950,105.6,0,1920
1132,1133,1,1,0.13,547,85,3945,105.6,0,1920
1133,1134,0,1,0,547,0,0,0,0,0
1134,1135,1,1,0.22,547,17,3000,79.2,0,1440
1135,1136,0,1,0,547,0,0,0,0,0
1136,1137,1,1,0,547,83,3365,105.6,0,1920
1137,1138,1,1,0.26,547,73,960,0,0,0
1138,1139,0,1,0,547,0,0,0,0,0
1139,1140,1,1,0.18,547,4,660,96,0,1920
1140,1141,1,1,0.133,547,70,1535,105.6,1.56,1920
1141,1142,0,1,0,547,0,0,0,0,0
1142,1143,1,1,0.17,547,88,4490,105.6,0,1920
1143,1144,0,1,0,547,0,0,0,0,0
1144,1145,1,1,0.2,547,90,3468,105.6,0,1920
1145,1146,1,1,0.21,547,84,3860,79.2,0,1440
1146,1147,0,1,0,547,0,0,0,0,0
1147,1148,1,1,0.19,547,12,1920,105.6,0,1920
1148,1149,0,1,0,547,0,0,0,0,0
1149,1150,0,1,0,547,0,0,0,0,0
1150,1151,1,1,0.15,547,1,120,105.6,1.56,1920
1151,1152,1,1,0,547,5,900,105.6,0,1920
1152,1153,1,1,0.2,547,53,2315,105.6,0,1920
1153,1154,0,1,0.175,547,0,0,0,0,0
1154,1155,1,1,0.14,547,10,1920,105.6,0,1920
1155,1156,0,1,0,547,0,0,0,0,0
1156,1157,0,1,0,547,0,0,0,0,0
1157,1158,0,1,0,547,0,0,0,0,0
1158,1159,0,1,0.15,547,0,0,105.6,1.56,1920
1159,1160,1,1,0.18,547,9,1180,98,0.36,1920
1160,1161,1,1,1.881,730,5071,13432,336.96,0.9,288
1161,1162,1,1,0.375,730,806,6840,352.8,0.6,1440
1162,1163,0,1,0,730,0,0,362.88,0,3456
1163,1164,0,0,0.225,730,0,0,362.88,0,3456
1164,1165,0,1,0,547,0,0,0,0,0
1165,1166,1,1,0.39,730,2333,16707,352.8,0.06,1440
1166,1167,0,0,0.49,0,0,0,0,0,0
1167,1168,1,1,0.37,730,989,7509,352.8,0.6,1440
1168,1169,1,1,0.34,730,170,1312,352.8,0.6,1440
1169,1170,1,1,0.35,730,1158,8547,352.8,0.6,1440
1170,1171,1,1,0.353,730,81,388,352.8,0.6,1440
1171,1172,1,1,0.35,730,200,1390,352.8,0.6,1440
1172,1173,1,1,0.41,730,357,2676,352.8,0.6,1440
1173,1174,1,1,0.598,730,572,8001,352.8,0.6,1440
1174,1175,1,1,0.37,730,278,2290,352.8,0.6,1440
1175,1176,1,1,0.38,730,5,50,352.8,0.6,1440
1176,1177,0,1,0,730,0,0,0,0,0
1177,1178,1,1,5.27,365,273,414,66.96,0.94,216
1178,1179,1,1,5.611,365,121,181,167.68,1,384
1179,1180,0,1,0,730,0,0,0,0,0
1180,1181,1,0,0.87,547,5333,19843,167.68,1,384
1181,1182,1,1,0.858,547,2902,7784,167.68,1,384
1182,1183,1,1,0.896,547,1386,4041,167.68,1,384
1183,1184,1,1,0.84,547,1200,2570,167.68,1,384
1184,1185,1,1,0.969,547,2195,5687,167.68,1,384
1185,1186,1,1,0.899,547,4277,14018,167.68,1,384
1186,1187,1,0,1,547,2384,5789,167.68,1,384
1187,1188,1,0,1.24,547,2313,5201,167.68,1,384
1188,1189,1,1,0.94,547,1051,2524,167.68,1,384
1189,1190,1,1,0.877,547,5099,18645,167.68,1,384
1190,1191,1,0,0.83,547,4725,14656,167.68,1,384
1191,1192,1,0,0.88,547,2397,5188,167.68,1,384
1192,1193,1,1,0.82,547,3564,10013,167.68,1,384
1193,1194,1,1,0.794,547,3551,10209,167.68,1,384
1194,1195,1,1,0.939,547,4256,13653,167.68,1,384
1195,1196,1,1,0.99,547,4720,14854,167.68,1,384
1196,1197,1,0,0.79,547,4181,11732,167.68,1,384
1197,1198,1,1,0.87,547,1068,2819,167.68,1,384
1198,1199,1,1,0.821,547,724,2296,167.68,1,384
1199,1200,1,1,0.747,547,1432,4093,167.68,1,384
1200,1201,1,1,0.9,547,991,2820,167.68,1,384
1201,1202,1,1,0.84,547,1613,4569,167.68,1,384
1202,1203,1,1,0.837,547,3921,11679,167.68,1,384
1203,1204,1,1,0.86,547,3283,10523,167.68,1,384
1204,1205,1,1,0.8,547,5497,19560,167.68,1,384
1205,1206,1,1,0.86,547,2506,6900,167.68,1,384
1206,1207,1,1,1.03,547,468,1926,167.68,1,384
1207,1208,1,1,0.924,547,1433,3550,167.68,1,384
1208,1209,1,1,0.76,547,4469,15154,167.68,1,384
1209,1210,1,1,0.94,547,766,1923,167.68,1,384
1210,1211,1,1,0.9,547,1622,4534,167.68,1,384
1211,1212,1,1,0.826,547,5655,26125,167.68,1,384
1212,1213,1,1,0.978,547,1728,4567,167.68,1,384
1213,1214,1,1,0.91,547,2656,7782,167.68,1,384
1214,1215,1,1,0.581,730,1596,16782,167.68,1,384
1215,1216,1,1,0.66,730,443,3717,167.68,1,384
1216,1217,0,1,0,730,0,0,476.928,0,1152
1217,1218,1,1,0.9,547,1185,4051,167.68,1,384
1218,1219,1,1,0.92,547,1282,4668,167.68,1,384
1219,1220,0,0,0,547,0,0,159.36,0,384
1220,1221,1,1,0.91,547,815,1918,167.68,1,384
1221,1222,1,1,0.981,547,692,2299,167.68,1,384
1222,1223,1,1,1.04,547,98,301,167.68,1,384
1223,1224,1,1,1.05,547,140,286,167.68,1,384
1224,1225,1,1,0.81,547,548,1647,167.68,1,384
1225,1226,1,1,0.82,547,597,1626,167.68,1,384
1226,1227,1,1,1.069,547,878,2628,167.68,1,384
1227,1228,1,1,0.81,547,552,1386,167.68,1,384
1228,1229,1,1,0.894,547,457,1119,167.68,1,384
1229,1230,1,1,0.98,547,2090,8536,167.68,1,384
1230,1231,1,1,0.916,547,2430,8422,167.68,1,384
1231,1232,1,1,1.034,547,457,1271,167.68,1,384
1232,1233,1,1,0.727,547,608,1734,167.68,1,384
1233,1234,0,0,0.94,0,0,0,0,0,0
1234,1235,1,1,0.936,547,535,1412,167.68,1,384
1235,1236,1,1,0.928,547,918,3004,167.68,1,384
1236,1237,1,1,0.942,547,550,1431,167.68,1,384
1237,1238,1,1,1.08,547,872,2598,167.68,1,384
1238,1239,1,1,1.089,547,233,594,167.68,1,384
1239,1240,1,1,0.936,547,2449,8765,167.68,1,384
1240,1241,1,1,0.6,730,43,180,187.392,1,384
1241,1242,1,1,0.568,730,17,59,187.392,1,384
1242,1243,1,1,0.54,730,240,2039,187.392,1,384
1243,1244,1,1,0.51,730,860,7920,187.392,1,384
1244,1245,1,1,0.57,730,1,6,0,0,0
1245,1246,1,1,0.56,730,480,3401,187.392,1,384
1246,1247,0,1,0.64,730,0,0,0,0,0
1247,1248,1,1,0.52,730,461,3316,187.392,1,384
1248,1249,1,1,0.56,730,843,7260,180.48,1,384
1249,1250,0,1,0,730,0,0,0,0,0
1250,1251,0,1,0,730,0,0,0,0,0
1251,1252,0,1,0,730,0,0,0,0,0
1252,1253,1,1,0.19,547,33,990,907.2,0.495,2025
1253,1254,0,1,0,547,0,0,197.76,0,384
1254,1255,0,1,0,547,0,0,197.76,0,384
1255,1256,1,1,1.042,547,3085,7886,207.68,1,384
1256,1257,1,1,0.976,547,158,450,207.68,1,384
1257,1258,1,0,1.137,547,1061,2207,207.68,1,384
1258,1259,1,1,1.11,547,456,862,207.68,1,384
1259,1260,1,0,0.954,547,411,765,207.68,1,384
1260,1261,1,1,0.934,547,46,142,207.68,1,384
1261,1262,1,1,1.29,547,841,1506,207.68,1,384
1262,1263,0,1,0,547,0,0,197.76,0,384
1263,1264,1,0,1.143,547,552,1010,207.68,1,384
1264,1265,0,1,0,547,0,0,197.76,0,384
1265,1266,0,1,0,547,0,0,197.76,0,384
1266,1267,0,1,0,547,0,0,197.76,0,384
1267,1268,1,1,1.07,547,362,899,207.68,1,384
1268,1269,0,1,0,547,0,0,197.76,0,384
1269,1270,1,1,0.962,547,343,1370,207.68,1,384
1270,1271,1,1,0.992,547,4218,11574,207.68,1,384
1271,1272,1,1,0.998,547,2052,4072,207.68,1,384
1272,1273,1,1,0.59,547,98,500,777.6,0.4,1440
1273,1274,0,1,0,547,0,0,197.76,0,384
1274,1275,1,1,1.05,547,903,1863,207.68,1,384
1275,1276,0,1,0.975,547,0,0,207.68,1,384
1276,1277,0,1,0,547,0,0,197.76,0,384
1277,1278,0,1,0,547,0,0,0,0,0
1278,1279,0,1,0,547,0,0,0,0,0
1279,1280,1,1,1.13,547,1803,3849,207.68,1,384
1280,1281,1,1,0.965,547,3788,8291,207.68,1,384
1281,1282,1,1,0.98,547,2731,5544,207.68,1,384
1282,1283,0,1,0,547,0,0,197.76,0,384
1283,1284,1,1,1.13,547,159,629,207.68,1,384
1284,1285,1,1,1.08,547,2,5,207.68,1,384
1285,1286,0,1,1.575,547,0,0,207.68,1,384
1286,1287,1,1,1.34,547,202,411,207.68,1,384
1287,1288,1,1,1.129,547,246,592,207.68,1,384
1288,1289,1,1,1.367,547,1299,3611,207.68,1,384
1289,1290,1,1,1.06,547,1257,4333,207.68,1,384
1290,1291,1,1,0.99,547,629,1482,207.68,1,384
1291,1292,0,0,1.74,0,0,0,0,0,0
1292,1293,0,0,1.83,0,0,0,0,0,0
1293,1294,0,1,1.62,0,0,0,0,0,0
1294,1295,0,0,1.95,0,0,0,0,0,0
1295,1296,1,0,1.78,0,2,41,147.6,0,180
1296,1297,0,0,2.04,0,0,0,147.6,1.17,180
1297,1298,0,0,1.98,0,0,0,147.6,1.17,180
1298,1299,1,0,1.6,0,68,925,147.6,0,180
1299,1300,0,0,0,0,0,0,0,0,0
1300,1301,0,0,0,0,0,0,0,0,0
1301,1302,1,0,1.5,365,1143,26411,147.6,1.17,180
1302,1303,1,0,1.23,0,140,2535,147.6,0,180
1303,1304,0,0,0,0,0,0,0,0,0
1304,1305,1,0,1.3,547,165,3710,147.6,1.17,180
1305,1306,1,0,1.42,0,100,2324,147.6,1.17,180
1306,1307,0,0,1.9875,0,0,0,0,0,0
1307,1308,1,0,1.98,0,34,1071,147.6,0,180
1308,1309,1,0,1.35,365,728,17953,147.6,1.17,180
1309,1310,0,0,1.6,0,0,0,147.6,0,180
1310,1311,1,1,1.34,0,354,10785,147.6,1.17,180
1311,1312,1,1,1.65,547,860,2027,147.6,1.17,180
1312,1313,0,0,1.7244,0,0,0,147.6,1.17,180
1313,1314,0,0,1.79,0,0,0,148,1.17,180
1314,1315,1,0,1.58,365,195,4354,147.6,1.17,180
1315,1316,1,1,1.36,547,4718,14211,147.6,1.17,180
1316,1317,1,0,1.63,547,1212,2419,147.6,1.17,180
1317,1318,1,1,1.58,547,1029,1678,147.6,1.17,180
1318,1319,1,1,1.61,547,1923,3913,147.6,1.17,180
1319,1320,0,1,0,547,0,0,147.6,0,180
1320,1321,1,0,1.53,547,3231,8747,147.6,1.17,180
1321,1322,1,1,1.35,547,2238,3762,147.6,1.17,180
1322,1323,0,1,0,547,0,0,147.6,0,180
1323,1324,1,1,1.8375,547,3,5,147.6,0,180
1324,1325,1,1,1.331,547,341,1015,147.6,1.17,180
1325,1326,1,1,1.51,547,5,167,147.6,1.17,180
1326,1327,1,1,1.391,547,109,216,147.6,1.17,180
1327,1328,0,0,2.41,547,0,0,198,1.02,180
1328,1329,0,1,0,547,0,0,0,0,0
1329,1330,0,0,1.86,0,0,0,198,1.02,180
1330,1331,0,1,0,547,0,0,0,0,0
1331,1332,1,1,1.75,547,693,1352,198,1.02,180
1332,1333,0,1,0,547,0,0,0,0,0
1333,1334,0,1,0,547,0,0,0,0,0
1334,1335,0,0,0,547,0,0,0,0,0
1335,1336,0,0,1.8,0,0,0,0,1.1,180
1336,1337,0,0,1.97,365,0,0,198,1.02,180
1337,1338,0,0,1.67,0,0,0,0,0,0
1338,1339,1,1,1.698,547,973,2809,198,1.02,180
1339,1340,1,1,1.578,547,1153,3186,198,1.02,180
1340,1341,0,1,0,547,0,0,0,0,0
1341,1342,1,1,1.932,547,91,564,198,1.02,180
1342,1343,1,1,1.59,547,923,2737,198,1.02,180
1343,1344,0,1,0,547,0,0,0,0,0
1344,1345,1,1,1.682,547,1344,2489,198,1.02,180
1345,1346,1,1,1.5,547,3,75,183.6,0,180
1346,1347,0,1,0,547,0,0,0,0,0
1347,1348,1,1,1.72,547,5,156,198,1.02,180
1348,1349,0,1,0,547,0,0,0,0,0
1349,1350,1,1,1.88,730,1739,2933,336.96,0.9,288
1350,1351,1,0,1.72,730,890,1472,336.96,0.9,288
1351,1352,1,1,1.95,730,4702,9221,336.96,0.9,288
1352,1353,1,1,1.65,730,2766,4763,336.96,0.9,288
1353,1354,1,1,1.789,730,5559,13924,336.96,0.9,288
1354,1355,1,1,1.57,730,2476,3907,336.96,0.9,288
1355,1356,1,1,2.04,730,2760,4809.7,336.96,0.9,288
1356,1357,1,0,1.8,730,778,1198,336.96,0.9,288
1357,1358,1,1,1.829,730,1461,2335,336.96,0.9,288
1358,1359,1,1,1.85,730,3130,6591,336.96,0.9,288
1359,1360,1,1,1.85,730,2278,4413,336.96,0.9,288
1360,1361,1,1,1.818,730,3154,6142,336.96,0.9,288
1361,1362,0,0,0,730,0,0,0,0,0
1362,1363,1,1,1.74,730,1696,2909,336.96,0.9,288
1363,1364,1,1,1.76,730,2346,5210,336.96,0.9,288
1364,1365,1,1,1.96,730,1447,2573,336.96,0.9,288
1365,1366,1,1,1.82,730,4314,9808,336.96,0.9,288
1366,1367,1,1,1.76,730,2409,4410,336.96,0.9,288
1367,1368,1,1,1.857,730,1055,1696,336.96,0.9,288
1368,1369,1,1,1.742,730,2774,4351,336.96,0.9,288
1369,1370,0,1,2.21,730,0,0,349.2,0.9,288
1370,1371,0,1,0.1963,730,0,0,362.88,0,3456
1371,1372,1,1,1.93,730,498,1004,348.48,0.9,288
1372,1373,1,1,1.91,730,579,1062,348.48,0.9,288
1373,1374,0,1,0.2125,730,0,0,362.88,0,3456
1374,1375,1,1,2.07,730,360,646,349.2,0.9,288
1375,1376,0,1,0,730,0,0,0,0,0
1376,1377,0,1,0,730,0,0,0,0,0
1377,1378,0,1,0.25,730,0,0,380.16,0,3456
1378,1379,0,1,0,730,0,0,362.88,0,3456
1379,1380,1,1,1.81,730,311,527,348.48,0.9,288
1380,1381,0,1,0,730,0,0,362.88,0,3456
1381,1382,1,1,1.9,730,444,815,348.48,0.9,288
1382,1383,1,1,1.95,730,1552,2635,349.2,0.9,288
1383,1384,0,1,0.22,730,0,0,362.88,0,3456
1384,1385,0,1,0,730,0,0,0,0,0
1385,1386,0,1,0,730,0,0,0,0,0
1386,1387,0,1,0,730,0,0,0,0,0
1387,1388,0,1,2.69,547,0,0,165.78,1.02,108
1388,1389,1,1,2.5,547,92,236,165.78,1.02,108
1389,1390,1,0,2.592,547,1814,3783,165.78,1.02,108
1390,1391,0,1,0,547,0,0,165.78,0,108
1391,1392,1,0,2.4,547,3263,7361,165.78,1.02,108
1392,1393,1,1,2.39,547,543,908,165.78,1.02,108
1393,1394,1,1,2.502,547,836,1262,165.78,1.02,108
1394,1395,1,1,2.515,547,494,895,165.78,1.02,108
1395,1396,1,0,2.385,547,1180,2392,165.78,1.02,108
1396,1397,1,1,2.201,547,253,772,165.78,0,108
1397,1398,1,1,2.28,547,890,1767,165.78,1.02,108
1398,1399,1,0,2.263,547,1984,4360,165.78,1.02,108
1399,1400,1,0,2.239,547,68,345,165.78,1.02,108
1400,1401,1,0,2.318,547,395,639,165.78,1.02,108
1401,1402,1,1,2.063,547,1010,1917,165.78,1.02,108
1402,1403,1,0,2.318,547,4580,12219,165.78,1.02,108
1403,1404,1,0,2.345,547,989,1879,165.78,1.02,108
1404,1405,1,0,2.263,547,1568,3297,165.78,1.02,108
1405,1406,1,0,2.259,547,1200,2489,165.78,1.02,108
1406,1407,1,0,2.37,547,1039,2181,165.78,1.02,108
1407,1408,1,1,2.357,547,2920,7774,165.78,1.02,108
1408,1409,1,1,2.32,547,938,1701,165.78,1.02,108
1409,1410,1,1,2.205,547,778,1566,165.78,1.02,108
1410,1411,0,1,2.48,547,0,0,165.78,0,108
1411,1412,1,1,2.355,547,693,1286,165.78,1.02,108
1412,1413,1,1,2.25,547,450,866,165.78,1.02,108
1413,1414,1,0,2.19,547,1072,2170,165.78,1.02,108
1414,1415,0,1,0,730,0,0,348,1.05,288
1415,1416,1,1,2.35,547,1006,2272,165.78,1.02,108
1416,1417,1,1,2.724,547,700,1371,165.78,1.02,108
1417,1418,0,1,0,547,0,0,165.78,0,108
1418,1419,1,1,2.59,547,659,1034,165.78,1.02,108
1419,1420,1,1,2.362,547,3244,6334,165.78,1.02,108
1420,1421,1,1,2.39,547,2061,3413,165.78,1.02,108
1421,1422,1,1,2.7,547,38,81,165.78,0,108
1422,1423,0,1,2.63,547,0,0,165.78,1.02,108
1423,1424,1,1,2.41,547,1,3,165.78,1.02,108
1424,1425,1,1,2.343,730,1123,2219,443.52,1.05,288
1425,1426,1,1,2.42,730,821,1398,443.52,1.05,288
1426,1427,1,1,2.6,547,1,1,165.78,1.02,108
1427,1428,0,1,3.456,730,0,0,443.52,1.05,288
1428,1429,0,1,0,547,0,0,165.78,0,108
1429,1430,1,1,2.39,547,1272,3747,165.78,1.02,108
1430,1431,1,1,2.33,547,1487,3951,165.78,1.02,108
1431,1432,1,1,2.448,547,3495,12427,165.78,1.02,108
1432,1433,1,1,2.294,547,1642,3859,165.78,1.02,108
1433,1434,1,0,2.296,547,1940,5123,165.78,1.02,108
1434,1435,0,1,2.24,547,0,0,165.78,0,108
1435,1436,1,0,2.438,547,1197,2287,165.78,1.02,108
1436,1437,1,0,2.701,547,961,2084,165.78,1.02,108
1437,1438,1,1,2.282,547,174,284,165.78,1.02,108
1438,1439,1,1,3.206,547,269,417,165.78,1.02,108
1439,1440,1,1,2.616,547,583,1440,165.78,1.02,108
1440,1441,1,0,2.38,547,1023,2155,165.78,1.02,108
1441,1442,1,1,2.595,547,1192,2818,165.78,1.02,108
1442,1443,1,1,2.23,547,460,910,165.78,1.02,108
1443,1444,1,1,2.435,547,257,670,165.78,1.02,108
1444,1445,1,1,2.591,547,373,738,165.78,1.02,108
1445,1446,1,1,2.653,547,730,1375,165.78,1.02,108
1446,1447,1,1,2.786,547,1108,2080,165.78,1.02,108
1447,1448,1,1,2.53,547,429,976,165.78,1.02,108
1448,1449,1,1,2,547,999,2359,165.78,1.02,108
1449,1450,1,1,2.587,547,1364,2791,165.78,1.02,108
1450,1451,0,1,2.95,547,0,0,165.78,0,108
1451,1452,0,1,2.875,547,0,0,165.78,0,108
1452,1453,1,1,3.277,547,206,528,165.78,1.02,108
1453,1454,1,1,2.571,547,428,994,165.78,1.02,108
1454,1455,1,1,3.323,547,473,876,165.78,1.02,108
1455,1456,1,0,3.09,547,374,789,165.78,1.02,108
1456,1457,1,1,2.45,547,462,831,165.78,1.02,108
1457,1458,0,1,0,547,0,0,165.78,0,108
1458,1459,0,1,0,547,0,0,165.78,0,108
1459,1460,0,1,0,547,0,0,165.78,0,108
1460,1461,0,0,0,547,0,0,325.12,0,32
1461,1462,0,1,16.7375,547,0,0,321.6,0,32
1462,1463,1,0,12.949,547,1778,2563,325.12,0.8,32
1463,1464,1,0,12.854,547,167,247,325.12,0.8,32
1464,1465,1,1,12.049,547,398,689,325.12,0.8,32
1465,1466,1,0,12.517,547,2358,3139,325.12,0.8,32
1466,1467,1,0,12.794,547,73,106,325.12,0.8,32
1467,1468,0,0,13.88,0,0,0,0,0,0
1468,1469,1,0,11.941,547,88,141,325.12,0.8,32
1469,1470,1,0,14.78,547,278,384,325.12,0.8,32
1470,1471,1,1,12.584,547,1558,2063,325.12,0.8,32
1471,1472,1,0,12.353,547,764,960,325.12,0.8,32
1472,1473,1,0,11.579,547,631,922,325.12,0.8,32
1473,1474,1,0,13.289,547,202,258,325.12,0.8,32
1474,1475,1,1,12.716,547,2387,3376,325.12,0.8,32
1475,1476,1,1,10.807,547,1016,1551,325.12,0.8,32
1476,1477,1,0,11.917,547,187,250,325.12,0.8,32
1477,1478,1,0,10.93,547,1501,2240,325.12,0.8,32
1478,1479,1,0,12.685,547,2888,4338,325.12,0.8,32
1479,1480,1,0,11.787,547,397,628,325.12,0.8,32
1480,1481,1,0,13.152,547,247,470,325.12,0.8,32
1481,1482,1,0,12.39,547,1,31,325.12,0.8,32
1482,1483,1,1,11.795,547,2685,4086,325.12,0.8,32
1483,1484,1,0,11.577,547,6325,12218,325.12,0.8,32
1484,1485,1,1,12.689,547,318,801,325.12,0.8,32
1485,1486,1,1,12.585,547,264,397,325.12,0.8,32
1486,1487,1,0,9.38,547,86,135,325.12,0.8,32
1487,1488,0,0,0,547,0,0,325.12,0,32
1488,1489,0,1,15.81,547,0,0,325.12,0,32
1489,1490,1,0,10.063,547,163,294,325.12,0.8,32
1490,1491,1,0,11.801,547,712,999,325.12,0.8,32
1491,1492,1,0,12.249,547,996,1555,325.12,0.8,32
1492,1493,1,0,12.301,547,246,261,325.12,0.8,32
1493,1494,1,0,11.84,547,39,70,325.12,0.8,32
1494,1495,1,0,10.947,547,41,44,325.12,0.8,32
1495,1496,0,0,0,547,0,0,325.12,0,32
1496,1497,1,0,14.402,547,21,57,325.12,0.8,32
1497,1498,0,1,0,547,0,0,325.12,0,32
1498,1499,1,0,13.194,365,146,309,404.64,1.2,36
1499,1500,1,0,13.354,365,233,596,441.72,1.44,36
1500,1501,1,1,15.808,365,154,387,515.34,1.68,42
1501,1502,0,1,0,365,0,0,0,0,0
1502,1503,1,1,16.201,365,403,766,515.34,1.68,42
1503,1504,0,1,0,365,0,0,0,0,0
1504,1505,0,0,15.04,365,0,0,0,0,0
1505,1506,0,0,0,365,0,0,0,0,0
1506,1507,1,1,15.318,365,448,924,515.34,1.68,42
1507,1508,1,1,14.919,365,944,2578,515.34,1.68,42
1508,1509,1,1,15.316,365,187,407,515.34,1.68,42
1509,1510,1,1,14.568,365,743,1747,515.34,1.68,42
1510,1511,0,0,16.76,365,0,0,0,0,0
1511,1512,1,0,17.113,365,1226,3392,441.72,1.44,36
1512,1513,1,1,14.783,365,379,927,515.34,1.68,42
1513,1514,1,1,16.333,365,286,545,515.34,1.68,42
1514,1515,0,1,0,365,0,0,0,0,0
1515,1516,0,1,0,365,0,0,0,0,0
1516,1517,0,0,0,0,0,0,0,0,0
1517,1518,0,0,0,0,0,0,0,0,0
1518,1519,0,0,0,0,0,0,0,0,0
1519,1520,0,0,0,0,0,0,0,0,0
1520,1521,0,0,0,365,0,0,0,0,0
1521,1522,1,1,14.692,365,467,1072,441.72,1.44,36
1522,1523,0,0,0,365,0,0,0,0,0
1523,1524,0,0,0,365,0,0,0,0,0
1524,1525,0,0,0,365,0,0,0,0,0
1525,1526,1,0,15.18,365,32,49,258,0.84,21
1526,1527,1,0,14.683,365,136,171,257.67,0.84,21
1527,1528,1,0,12.179,365,338,497,257.67,0.84,21
1528,1529,1,1,16.369,365,217,262,257.67,0.84,21
1529,1530,1,0,16.066,365,43,64,257.67,0.84,21
1530,1531,1,1,16.192,365,287,404,257.67,0.84,21
1531,1532,0,0,0,365,0,0,0,0,0
1532,1533,0,0,0,365,0,0,0,0,0
1533,1534,0,0,17.76,0,0,0,0,0,0
1534,1535,0,0,17.02,365,0,0,338.4,0.96,24
1535,1536,0,0,0,0,0,0,0,0,0
1536,1537,0,0,19.63,365,0,0,338.4,0.96,24
1537,1538,0,0,21.2,0,0,0,0,0,0
1538,1539,0,1,0,365,0,0,299.67,0,21
1539,1540,0,1,0,365,0,0,299.67,0,21
1540,1541,0,1,0,365,0,0,256.86,0,18
1541,1542,0,1,0,365,0,0,299.67,0,21
1542,1543,0,0,0,365,0,0,299.67,0,21
1543,1544,1,0,24.88,365,568,833,296.1,0.84,21
1544,1545,1,0,15.131,365,150,188,296.1,0.84,21
1545,1546,1,0,16.66,365,95,180,507.6,1.44,36
1546,1547,0,1,0,365,0,0,299.67,0,21
1547,1548,1,1,16.659,365,370,810,296.1,0.84,21
1548,1549,0,0,0,365,0,0,299.67,0,21
1549,1550,0,0,0,365,0,0,299.67,0,21
1550,1551,0,0,0,365,0,0,299.67,0,21
1551,1552,1,0,15.736,365,209,355,296.1,0.84,21
1552,1553,1,0,18.054,365,77,116,296.1,0.84,21
1553,1554,0,0,0,365,0,0,299.67,0,21
1554,1555,0,0,19.76,365,0,0,296.1,0.84,21
1555,1556,1,0,17.649,365,34,81,296.1,0.84,21
1556,1557,0,1,0,365,0,0,299.67,0,21
1557,1558,1,1,15.807,365,842,1144,296.1,0.84,21
1558,1559,0,1,0,365,0,0,299.67,0,21
1559,1560,0,0,23.6225,365,0,0,296.1,0.84,21
1560,1561,0,0,20.3,365,0,0,299.67,0,21
1561,1562,1,0,14.698,365,190,238,296.1,0.84,21
1562,1563,0,0,18.1656,365,0,0,296.1,0.84,21
1563,1564,0,0,0,365,0,0,299.67,0,21
1564,1565,1,0,25.69,365,122,162,296.1,0.84,21
1565,1566,1,0,17.634,365,109,144,296.1,0.84,21
1566,1567,1,1,17.568,365,53,104,320.67,0.84,21
1567,1568,1,0,20.45,365,180,389,549.72,1.44,36
1568,1569,1,1,17.03,365,12,23,274.86,0,18
1569,1570,0,0,0,365,0,0,641.34,0,42
1570,1571,0,0,0,365,0,0,641.34,0,42
1571,1572,1,0,16.201,365,162,447,641.34,1.68,42
1572,1573,1,0,18.308,365,200,452,641.34,1.68,42
1573,1574,1,1,16.879,365,373,600,641.34,1.68,42
1574,1575,1,0,17.039,365,754,1555,641.34,1.68,42
1575,1576,1,0,19.72,365,453,725,641.34,1.68,42
1576,1577,1,0,14.658,365,490,910,641.34,1.68,42
1577,1578,0,0,0,365,0,0,320.67,0,21
1578,1579,0,0,0,365,0,0,641.34,0,42
1579,1580,1,0,16.75,365,770,1980,641.34,1.68,42
1580,1581,1,0,19.483,365,106,197,320.67,0.84,21
1581,1582,1,0,15.355,365,1172,3211,641.34,1.68,42
1582,1583,1,0,16.238,365,2713,7696,641.34,1.68,42
1583,1584,1,0,14.082,365,1346,2988,641.34,1.68,42
1584,1585,1,0,16.215,365,704,1584,641.34,1.68,42
1585,1586,1,0,19.267,365,263,496,641.34,1.68,42
1586,1587,0,0,0,365,0,0,641.34,0,42
1587,1588,0,0,0,365,0,0,641.34,0,42
1588,1589,0,1,0,365,0,0,641.34,0,42
1589,1590,1,0,20.251,365,1596,3991,641.34,1.68,42
1590,1591,1,0,5.204,547,1324,2983,293.76,1.05,72
1591,1592,1,0,20.01,365,904,2159,641.34,1.68,42
1592,1593,0,0,0,365,0,0,641.34,0,42
1593,1594,1,0,14.941,365,532,786,641.34,1.68,42
1594,1595,0,1,0,365,0,0,549.72,0,36
1595,1596,1,0,15.322,365,112,310,641.34,1.68,42
1596,1597,0,0,16.46,365,0,0,0,0,0
1597,1598,0,0,0,365,0,0,641.34,0,42
1598,1599,1,0,18.282,365,65,99,341.67,0.98,21
1599,1600,1,0,20.738,365,249,442,621.72,1.8,36
1600,1601,1,1,20.525,365,100,176,621.72,1.8,36
1601,1602,0,1,0,365,0,0,621.72,0,36
1602,1603,0,0,22.4125,365,0,0,621.72,1.8,36
1603,1604,1,0,19.534,365,42,126,621.72,1.8,36
1604,1605,1,1,19.315,365,372,707,621.72,1.8,36
1605,1606,1,1,21.115,365,309,735,621.72,1.8,36
1606,1607,1,0,18.795,365,271,382,621.72,1.8,36
1607,1608,1,0,25.24,365,44,50,621.72,1.8,36
1608,1609,0,0,0,365,0,0,621.72,0,36
1609,1610,0,0,0,365,0,0,621.72,0,36
1610,1611,0,0,0,365,0,0,657.72,0,36
1611,1612,0,0,0,365,0,0,328.86,0,18
1612,1613,1,0,19.42,365,22,29,657.72,0,36
1613,1614,0,0,20.58,0,0,0,548.1,1.2,30
1614,1615,0,0,16.57,0,0,0,548.1,0,30
1615,1616,0,0,0,0,0,0,548.1,0,30
1616,1617,0,0,26.21,0,0,0,548.1,0,30
1617,1618,0,0,20.74,0,0,0,548.1,1.2,30
1618,1619,1,1,21.824,365,94,159,548.1,1.2,30
1619,1620,1,1,22.236,365,162,241,548.1,1.2,30
1620,1621,0,0,0,0,0,0,578.1,1.2,30
1621,1622,0,0,0,0,0,0,578.1,1.2,30
1622,1623,1,1,2.942,547,2785,6293,226.8,1.02,108
1623,1624,1,0,3.192,547,1732,3082,226.8,1.02,108
1624,1625,1,1,3.115,547,221,361,226.8,1.02,108
1625,1626,1,1,3.105,547,5008,15897,226.8,1.02,108
1626,1627,1,1,3.077,547,1408,2941,226.8,1.02,108
1627,1628,1,1,3.234,547,983,1752,226.8,1.02,108
1628,1629,1,1,3.103,547,526,788,226.8,1.02,108
1629,1630,1,0,2.887,547,1558,3151,226.8,1.02,108
1630,1631,1,1,2.88,547,1361,2392,226.8,1.02,108
1631,1632,1,1,3.561,547,1785,3384,226.8,1.02,108
1632,1633,1,0,3.072,547,3267,6794,226.8,1.02,108
1633,1634,1,0,2.979,547,1937,3994,226.8,1.02,108
1634,1635,1,0,2.849,547,2317,4390,226.8,1.02,108
1635,1636,1,0,2.8,547,1820,3695,226.8,1.02,108
1636,1637,1,1,2.933,547,4157,10751,226.8,1.02,108
1637,1638,1,1,3.67,547,2109,4368,226.8,1.02,108
1638,1639,1,1,3.08,547,401,811,226.8,1.02,108
1639,1640,1,1,2.78,547,393,879,226.8,1.02,108
1640,1641,1,1,3.014,547,2930,5623,226.8,1.02,108
1641,1642,1,0,2.736,547,1693,3295,226.8,1.02,108
1642,1643,1,1,3.3,547,512,819,226.8,1.02,108
1643,1644,1,1,2.999,547,1489,2952,226.8,1.02,108
1644,1645,1,1,2.608,547,3028,6975,226.8,1.02,108
1645,1646,1,1,3.04,547,1406,2882,226.8,1.02,108
1646,1647,1,0,2.83,547,1343,2977,226.8,1.02,108
1647,1648,0,0,0,547,0,0,220.32,0,108
1648,1649,1,0,2.722,547,186,299,220.32,0,108
1649,1650,1,0,2.72,547,3111,6427,226.8,1.02,108
1650,1651,1,1,2.853,547,1551,3426,226.8,1.02,108
1651,1652,1,0,3.08,547,1244,2154,226.8,1.02,108
1652,1653,1,0,2.905,547,5793,22604,226.8,1.02,108
1653,1654,1,1,2.596,547,4907,13930,226.8,1.02,108
1654,1655,1,1,2.54,547,1854,3332,226.8,1.02,108
1655,1656,1,0,2.955,547,2317,5420,226.8,1.02,108
1656,1657,1,1,2.71,547,1611,3137,226.8,1.02,108
1657,1658,1,0,4.37,547,1317,2840,226.8,1.02,108
1658,1659,1,0,3.129,547,609,984,226.8,1.02,108
1659,1660,1,0,3.26,547,1193,2210,226.8,1.02,108
1660,1661,0,1,0,547,0,0,0,0,0
1661,1662,1,1,2.95,547,1120,1841,226.8,1.02,108
1662,1663,1,1,3.181,547,1163,2108,226.8,1.02,108
1663,1664,0,1,3.01,547,0,0,226.8,1.02,108
1664,1665,1,1,2.833,547,923,1695,226.8,1.02,108
1665,1666,1,1,3.11,547,124,300,226.8,1.02,108
1666,1667,1,1,2.774,547,741,1678,226.8,1.02,108
1667,1668,1,1,3.115,547,176,455,226.8,1.02,108
1668,1669,1,1,2.93,547,436,768,226.8,1.02,108
1669,1670,1,1,2.956,547,390,680,226.8,1.02,108
1670,1671,1,1,3.129,547,180,304,226.8,1.02,108
1671,1672,1,1,3.898,547,188,335,226.8,1.02,108
1672,1673,0,0,5.12,0,0,0,0,0,0
1673,1674,1,1,3.718,547,642,1258,226.8,1.02,108
1674,1675,1,1,3.503,547,2279,5341,226.8,1.02,108
1675,1676,1,1,3.095,547,2170,4877,226.8,1.02,108
1676,1677,1,1,3.107,547,637,1208,226.8,1.02,108
1677,1678,1,1,3.305,547,364,600,226.8,1.02,108
1678,1679,0,1,0,547,0,0,220.32,0,108
1679,1680,1,1,3.18,547,199,270,226.8,1.02,108
1680,1681,1,1,2.808,547,377,687,226.8,1.02,108
1681,1682,1,1,2.99,547,2165,5614,226.8,1.02,108
1682,1683,1,1,2.88,547,159,400,226.8,1.02,108
1683,1684,1,1,3.37,547,201,351,226.8,1.02,108
1684,1685,0,1,4.55,547,0,0,220.32,0,108
1685,1686,1,1,3.34,547,120,267,226.8,1.02,108
1686,1687,1,1,3.21,547,957,1683,226.8,1.02,108
1687,1688,1,1,3.41,547,524,871,220.32,0,108
1688,1689,1,0,3.061,547,715,1242,226.8,1.02,108
1689,1690,0,1,3.03,547,0,0,220.32,0,108
1690,1691,0,0,0,0,0,0,0,0,0
1691,1692,0,0,4.575,0,0,0,0,0,0
1692,1693,0,0,3.93,0,0,0,0,0,0
1693,1694,1,0,3.55,0,1,18,266.4,1.02,108
1694,1695,0,0,4.7,0,0,0,0,0,108
1695,1696,0,0,0,0,0,0,0,0,0
1696,1697,1,1,5.423,547,1426,2442,277.56,1.02,108
1697,1698,1,1,3.865,547,431,968,277.56,1.02,108
1698,1699,0,1,0,365,0,0,730.8,0,36
1699,1700,1,0,24.825,365,112,378,730.8,1.8,36
1700,1701,1,1,18.016,365,373,723,730.8,1.8,36
1701,1702,0,0,0,365,0,0,730.8,0,36
1702,1703,1,0,14.96,365,24,45,730.8,1.8,36
1703,1704,1,0,21.478,365,447,858,730.8,1.8,36
1704,1705,1,0,20.015,365,440,833,730.8,1.8,36
1705,1706,0,0,0,365,0,0,730.8,0,36
1706,1707,0,0,0,365,0,0,730.8,0,36
1707,1708,1,0,21.845,365,1172,2203,730.8,1.8,36
1708,1709,0,0,27.3125,365,0,0,730.8,0,36
1709,1710,0,0,0,365,0,0,730.8,0,36
1710,1711,1,0,26.54,365,492,794,730.8,1.8,36
1711,1712,0,0,21.37,365,0,0,730.8,1.8,36
1712,1713,1,0,18.804,365,908,1501,730.8,1.8,36
1713,1714,1,0,20.296,365,135,274,730.8,1.8,36
1714,1715,1,1,23.691,365,197,286,730.8,1.8,36
1715,1716,1,0,24.502,365,305,505,730.8,1.8,36
1716,1717,1,0,4.253,547,635,1032,221.04,1.05,72
1717,1718,0,1,0,547,0,0,0,0,0
1718,1719,0,1,0,547,0,0,0,0,0
1719,1720,1,1,4.303,547,184,263,221.04,1.05,72
1720,1721,0,1,0,547,0,0,0,0,0
1721,1722,1,1,4.04,547,409,839,221.04,1.05,72
1722,1723,0,1,0,547,0,0,0,0,0
1723,1724,1,0,4.309,547,1134,2246,221.04,1.05,72
1724,1725,1,0,4.456,547,617,1060,221.04,1.05,72
1725,1726,1,0,4.79,547,166,303,221.04,1.05,72
1726,1727,1,1,4.48,547,1,1,221.04,0,72
1727,1728,0,1,0,547,0,0,0,0,0
1728,1729,0,0,0,547,0,0,0,0,0
1729,1730,0,1,0,547,0,0,0,0,0
1730,1731,0,0,0,547,0,0,0,0,0
1731,1732,0,0,5.1,547,0,0,221.04,1.05,72
1732,1733,1,0,4.942,547,355,594,221.04,1.05,72
1733,1734,1,0,4.61,547,173,320,221.04,1.05,72
1734,1735,1,1,4.321,547,441,849,221.04,1.05,72
1735,1736,1,0,4.642,547,153,268,221.04,1.05,72
1736,1737,0,0,5.42,0,0,0,0,0,0
1737,1738,0,1,0,547,0,0,0,0,0
1738,1739,0,1,0,547,0,0,0,0,0
1739,1740,0,1,0,547,0,0,0,0,0
1740,1741,1,0,4.87,547,735,1095,221.04,1.05,72
1741,1742,0,0,0,547,0,0,0,0,0
1742,1743,0,1,5.8875,547,0,0,0,0,0
1743,1744,1,1,4.635,547,153,397,221.04,1.05,72
1744,1745,0,1,0,547,0,0,0,0,0
1745,1746,0,1,5.7125,547,0,0,0,0,0
1746,1747,1,1,4.16,547,49,96,221.04,1.05,72
1747,1748,0,1,4.54,547,0,0,0,0,0
1748,1749,1,0,4.04,547,9,60,221.04,1.05,72
1749,1750,0,0,0,547,0,0,0,0,0
1750,1751,0,0,4.73,547,0,0,221.04,1.05,72
1751,1752,0,1,4.325,547,0,0,221.04,1.05,72
1752,1753,0,1,4.24,547,0,0,221.04,1.05,72
1753,1754,0,1,4.76,547,0,0,221.04,1.05,72
1754,1755,0,1,4.74,547,0,0,221.04,1.05,72
1755,1756,0,1,0,547,0,0,0,0,0
1756,1757,1,1,8.82,547,550,1059,221.04,1.05,72
1757,1758,1,0,4.866,547,555,1036,261.54,1.05,72
1758,1759,1,0,4.532,547,189,314,261.54,1.05,72
1759,1760,1,1,4.422,547,354,682,261.54,1.05,72
1760,1761,1,1,5.092,547,1028,1967,261.54,1.05,72
1761,1762,0,1,0,547,0,0,0,0,0
1762,1763,1,0,4.69,547,623,1018,261.54,1.05,72
1763,1764,1,1,5.82,547,393,654,261.54,1.05,72
1764,1765,0,0,0,547,0,0,0,0,0
1765,1766,0,1,5.3613,547,0,0,0,0,0
1766,1767,1,1,4.948,547,214,464,261.54,1.05,72
1767,1768,1,1,4.625,547,779,1199,261.54,1.05,72
1768,1769,1,1,4.718,547,1062,1904,261.54,1.05,72
1769,1770,0,0,0,547,0,0,0,0,0
1770,1771,1,0,4.818,547,426,654,261.54,1.05,72
1771,1772,1,0,5.344,547,290,492,261.54,1.05,72
1772,1773,0,0,0,547,0,0,0,0,0
1773,1774,0,0,0,547,0,0,0,0,0
1774,1775,1,0,4.837,547,408,913,261.54,1.05,72
1775,1776,1,0,5.138,547,602,954,261.54,1.05,72
1776,1777,0,0,0,547,0,0,0,0,0
1777,1778,0,1,0,547,0,0,0,0,0
1778,1779,0,1,0,547,0,0,0,0,0
1779,1780,0,1,5,547,0,0,0,0,0
1780,1781,0,1,0,547,0,0,261.54,1.05,72
1781,1782,1,1,4.943,547,623,994,261.54,1.05,72
1782,1783,1,1,6.471,547,880,1138,261.54,1.05,72
1783,1784,1,1,5.09,547,588,938,261.54,1.05,72
1784,1785,0,1,0,547,0,0,0,0,0
1785,1786,1,1,4.923,547,1359,2375,261.54,1.05,72
1786,1787,0,1,0,547,0,0,0,0,0
1787,1788,0,1,0,547,0,0,293.76,0,72
1788,1789,1,1,5.561,547,1477,2833,293.76,1.05,72
1789,1790,1,1,5.41,547,589,1031,293.76,1.05,72
1790,1791,1,0,5.557,547,1309,2078,293.76,1.05,72
1791,1792,0,0,0,547,0,0,293.76,0,72
1792,1793,0,0,0,547,0,0,293.76,0,72
1793,1794,1,0,5.674,547,881,1287,293.76,1.05,72
1794,1795,1,1,5.353,547,334,665,293.76,1.05,72
1795,1796,1,1,5.212,547,616,1223,293.76,1.05,72
1796,1797,1,1,6.31,547,858,1456,293.76,1.05,72
1797,1798,1,1,5.552,547,462,1287,293.76,1.05,72
1798,1799,1,1,5.647,547,404,824,293.76,1.05,72
1799,1800,0,1,0,547,0,0,293.76,0,72
1800,1801,0,1,0,547,0,0,293.76,0,72
1801,1802,1,1,4.784,547,475,885,293.76,1.05,72
1802,1803,1,0,4.789,547,1156,1996,293.76,1.05,72
1803,1804,1,1,5.47,547,257,331,293.76,1.05,72
1804,1805,1,1,5.62,547,985,1854,293.76,1.05,72
1805,1806,0,0,0,547,0,0,293.76,0,72
1806,1807,1,0,5.241,547,508,974,293.76,1.05,72
1807,1808,1,0,6.203,547,164,320,293.76,1.05,72
1808,1809,1,1,5.314,547,826,1358,293.76,1.05,72
1809,1810,1,0,5.294,547,2754,5918,293.76,1.05,72
1810,1811,1,0,4.38,547,145,385,293.76,1.05,72
1811,1812,0,0,0,547,0,0,293.76,0,72
1812,1813,1,1,5.425,547,244,360,293.76,1.05,72
1813,1814,1,1,5.447,547,318,465,293.76,1.05,72
1814,1815,0,1,0,547,0,0,293.76,0,72
1815,1816,0,1,21.27,547,0,0,293.76,0,72
1816,1817,1,0,5.058,547,1724,3165,293.76,1.05,72
1817,1818,1,0,5.93,547,399,491,293.76,1.05,72
1818,1819,0,1,0,547,0,0,293.76,0,72
1819,1820,1,0,6.138,547,1356,2489,293.76,1.05,72
1820,1821,1,1,5.1,547,1,1,293.76,1.05,72
1821,1822,1,1,5.238,547,518,881,293.76,1.05,72
1822,1823,0,1,0,547,0,0,293.76,0,72
1823,1824,1,0,5.08,547,1,1,293.76,1.05,72
1824,1825,1,1,5.31,547,505,749,293.76,1.05,72
1825,1826,0,1,0,547,0,0,293.76,0,72
1826,1827,0,0,0,0,0,0,0,0,0
1827,1828,1,0,4.564,547,2198,4567,293.76,1.05,72
1828,1829,0,0,0,0,0,0,0,1.19,72
1829,1830,1,1,5.623,547,264,552,293.76,1.05,72
1830,1831,0,1,0,547,0,0,293.76,0,72
1831,1832,1,1,6.06,547,146,279,293.76,0,72
1832,1833,1,0,4.89,547,354,726,293.76,1.05,72
1833,1834,1,1,5.563,547,209,342,293.76,1.05,72
1834,1835,1,0,5.38,547,198,365,293.76,1.05,72
1835,1836,1,1,5.099,547,130,160,293.76,1.05,72
1836,1837,1,1,5.216,547,165,277,293.76,1.05,72
1837,1838,0,1,0,547,0,0,293.76,0,72
1838,1839,1,0,5.465,547,7,68,293.76,1.05,72
1839,1840,0,0,7.2,547,0,0,293.76,1.05,72
1840,1841,0,0,0,547,0,0,293.76,0,72
1841,1842,1,0,0,547,2,3,290.88,0,72
1842,1843,1,0,7.208,547,275,380,293.76,1.05,72
1843,1844,1,1,6.546,547,1195,1938,293.76,1.05,72
1844,1845,1,1,5.477,547,1114,1670,293.76,1.05,72
1845,1846,0,1,0,547,0,0,293.76,0,72
1846,1847,1,0,5.617,547,316,406,293.76,1.05,72
1847,1848,0,0,0,547,0,0,0,0,0
1848,1849,0,1,0,547,0,0,0,0,0
1849,1850,0,1,0,365,0,0,0,0,0
1850,1851,0,0,0,547,0,0,0,0,0
1851,1852,0,0,7.28,547,0,0,0,0,0
1852,1853,0,0,9.98,547,0,0,195.84,0.72,32
1853,1854,1,0,8.535,547,124,154,195.84,0.72,32
1854,1855,1,0,8.25,547,3,3,195.84,0.72,32
1855,1856,0,1,0,547,0,0,0,0,0
1856,1857,1,0,8.92,547,185,220,195.84,0.72,32
1857,1858,0,0,0,547,0,0,0,0,0
1858,1859,0,0,9.564,547,0,0,195.84,0.72,32
1859,1860,1,0,7.544,547,66,88,195.84,0.72,32
1860,1861,1,1,8.72,547,66,86,195.84,0.72,32
1861,1862,1,1,13.266,547,415,598,227.2,0.72,32
1862,1863,0,0,0,547,0,0,0,0,0
1863,1864,0,1,0,547,0,0,0,0,0
1864,1865,0,0,0,547,0,0,0,0,0
1865,1866,0,1,0,547,0,0,0,0,0
1866,1867,1,0,10.141,547,49,58,243.84,0.72,32
1867,1868,1,1,9.496,547,645,1007,243.84,0.72,32
1868,1869,1,1,9.547,547,866,3163,243.84,0.72,32
1869,1870,1,0,8.138,547,21,46,243.84,0,32
1870,1871,1,1,10.99,547,258,755,243.84,0.72,32
1871,1872,0,1,0,547,0,0,243.84,0,32
1872,1873,0,0,0,547,0,0,243.84,0,32
1873,1874,1,1,9.014,547,47,59,243.84,0.72,32
1874,1875,0,1,10.33,547,0,0,243.84,0,32
1875,1876,0,1,0,547,0,0,243.84,0,32
1876,1877,0,0,0,547,0,0,243.2,0,32
1877,1878,1,0,9.274,547,328,378,261.12,0.72,32
1878,1879,1,0,8.823,547,5048,9631,261.12,0.72,32
1879,1880,1,1,9.298,547,372,507,261.12,0.72,32
1880,1881,0,1,0,547,0,0,259.2,0,32
1881,1882,1,1,9.597,547,412,616,261.12,0.72,32
1882,1883,1,0,9.717,547,1124,1810,261.12,0.72,32
1883,1884,0,0,0,547,0,0,261.12,0,32
1884,1885,1,0,9.52,547,89,151,261.12,0.72,32
1885,1886,1,0,9.032,547,454,593,261.12,0.72,32
1886,1887,1,0,9.23,547,192,221,261.12,0.72,32
1887,1888,1,1,21.84,547,337,569,261.12,0.72,32
1888,1889,1,0,10.824,547,211,578,277.12,0.72,32
1889,1890,0,0,13.428,547,0,0,277.12,0.72,32
1890,1891,1,0,11.174,547,201,264,293.12,0.8,32
1891,1892,1,1,10.783,547,261,798,293.12,0.8,32
1892,1893,0,1,11.81,547,0,0,293.12,0.8,32
1893,1894,0,0,0,0,0,0,15,0.15,1
1894,1895,1,1,1.847,730,1489,3475,348.48,0.9,288
1895,1896,1,1,0,547,19,3060,105.6,1.56,1920
1896,1897,0,1,0.17,547,0,0,105.6,1.56,1920
1897,1898,1,1,0.12,547,11,1740,105.6,0.6,1920
1898,1899,0,1,0.005,547,0,0,106,1.12,1920
1899,1900,1,1,0.18,547,27,3360,105.6,1.56,1920
1900,1901,1,1,0,547,17,1620,105.6,1.56,1920
1901,1902,1,1,0.044,547,24,3060,105.6,0,1920
1902,1903,0,1,0.1875,547,0,0,106,1.12,1920
1903,1904,1,1,0.006,547,21,3780,105.6,1.56,1920
1904,1905,1,1,0.19,547,14,1500,105.6,1.56,1920
1905,1906,1,1,0.16,547,11,1620,105.6,0,1920
1906,1907,1,1,0.1,547,10,1260,105.6,1.56,1920
1907,1908,1,1,0.01,547,10,900,105.6,1.56,1920
1908,1909,0,1,0,547,0,0,106,1.12,1920
1909,1910,0,1,0,547,0,0,106,1.12,1920
1910,1911,1,1,0.18,547,17,2160,105.6,0,1920
1911,1912,1,1,0.031,547,16,1800,105.6,1.56,1920
1912,1913,1,1,0.114,547,15,3560,105.6,1.56,1920
1913,1914,0,1,0,547,0,0,105.6,0,1920
1914,1915,0,1,0,547,0,0,105.6,0,1920
1915,1916,1,1,0.19,547,75,1905,105.6,0,1920
1916,1917,0,1,0,547,0,0,105.6,0,1920
1917,1918,0,1,0,547,0,0,105.6,0,1920
1918,1919,0,1,0.18,547,0,0,105.6,0,1920
1919,1920,0,1,0,547,0,0,105.6,0,1920
1920,1921,0,1,0,547,0,0,105.6,1.56,1920
1921,1922,1,1,0.18,547,3,660,105.6,0,1920
1922,1923,1,1,0.17,547,77,3750,105.6,0,1920
1923,1924,0,1,0.18,547,0,0,105.6,1.56,1920
1924,1925,0,1,0.2,547,0,0,105.6,1.56,1920
1925,1926,1,1,0.0276,547,18,2460,105.6,1.56,1920
1926,1927,0,1,0,547,0,0,105.6,0,1920
1927,1928,0,1,0,547,0,0,105.6,0,1920
1928,1929,1,1,0.017,547,10,780,105.6,0,1920
1929,1930,1,1,0.013,547,2,900,105.6,0,1920
1930,1931,0,1,0.0552,547,0,0,105.6,1.56,1920
1931,1932,1,1,0.18,547,12,1500,105.6,1.56,1920
1932,1933,0,1,0.038,547,0,0,105.6,1.56,1920
1933,1934,1,1,0.011,547,18,2820,105.6,1.56,1920
1934,1935,1,1,0.063,547,7,840,105.6,0,1920
1935,1936,0,1,0,730,0,0,362.88,0,3456
1936,1937,0,1,0,730,0,0,362.88,0,3456
1937,1938,0,1,0,730,0,0,362.88,0,3456
1938,1939,0,1,0,730,0,0,362.88,1.2,3456
1939,1940,0,1,0,730,0,0,362.88,0,3456
1940,1941,0,1,0,730,0,0,524.16,0,3456
1941,1942,0,1,0,730,0,0,362.88,0,3456
1942,1943,0,1,0,730,0,0,362.88,0,3456
1943,1944,0,1,0.216,730,0,0,362.88,0,3456
1944,1945,0,1,2.94,547,0,0,165.78,0,108
1945,1946,0,1,1.2,547,0,0,197.76,0,384
1946,1947,0,1,3.0684,547,0,0,165.78,1.02,108
1947,1948,0,1,0.97,547,0,0,207.68,1,384
1948,1949,0,1,12.948,547,0,0,293.12,0.8,32
1949,1950,0,1,5.172,547,0,0,221.04,1.05,72
1950,1951,0,1,14.172,547,0,0,293.12,0.8,32
1951,1952,0,1,5.712,547,0,0,221.04,1.05,72
1952,1953,0,1,11.304,547,0,0,243.84,0.72,32
1953,1954,0,1,2.832,547,0,0,165.78,1.02,108
1954,1955,0,1,1.2938,547,0,0,197.76,0,384
1955,1956,0,1,3.072,547,0,0,165.78,1.02,108
1956,1957,0,1,1.272,547,0,0,207.68,1,384
1957,1958,0,1,0,730,0,0,362.88,0,3456
1958,1959,1,0,0.16,0,116,816,252,1,200
1959,1960,1,0,0.34,547,112,790,126,0,100
1960,1961,1,0,0.243,0,54,374,198,1.02,180
1961,1962,0,1,1.4988,547,0,0,257.6,1,384
1962,1963,0,1,1.4712,547,0,0,257.6,1,384
1963,1964,0,0,1.2,547,0,0,211.2,0,384
1964,1965,0,0,3.5,547,0,0,189,0,108
1965,1966,0,1,0,730,0,0,311.04,0,3456
1966,1967,0,1,0.215,730,0,0,311.04,0,3456
1967,1968,0,1,0,730,0,0,311.04,0,3456
1968,1969,0,1,0,547,0,0,189,0,108
1969,1970,0,1,1.482,547,0,0,257.6,1,384
1970,1971,0,1,4.32,547,0,0,243,0,108
1971,1972,0,1,4.26,547,0,0,243,1.02,108
1972,1973,0,1,4.4575,547,0,0,59.4,0,108
1973,1974,0,1,1.452,547,0,0,207.68,1,384
1974,1975,0,1,0,730,0,0,311.04,0,3456
1975,1976,1,1,1.78,730,374,601,348.48,0.9,288
1976,1977,1,1,1.778,730,2243,4613,348.48,0.9,288
1977,1978,1,1,1.89,730,2206,4050,348.48,0.9,288
1978,1979,0,0,2.38,0,0,0,0,0,0
1979,1980,1,1,1.84,730,1126,2389,348.48,0.9,288
1980,1981,1,1,1.977,730,435,854,348.48,0.9,288
1981,1982,1,1,1.927,730,511,1028,348.48,0.9,288
1982,1983,1,1,1.77,730,372,624,348.48,0.9,288
1983,1984,1,1,2.8,547,33,160,168.48,0.45,144
1984,1985,0,0,3.37,0,0,0,0,0,0
1985,1986,1,1,4.725,547,105,209,168.48,0.45,144
1986,1987,0,0,2.5438,0,0,0,0,0,288
1987,1988,0,1,0.17,547,0,0,97.9,1.2,1920
1988,1989,1,1,0.17,547,17,1800,105.6,1.56,1920
1989,1990,0,1,0,547,0,0,106,1.19,1920
1990,1991,1,1,0.04,547,6,900,105.6,0,1920
1991,1992,1,0,0,0,8,287,60,0.54,300
1992,1993,1,0,0,0,31,356,480,2.16,6000
1993,1994,0,0,0,0,0,0,60,0.54,900
1994,1995,1,0,0.043,0,5,1454,60,0.54,900
1995,1996,0,0,0,0,0,0,60,0.54,900
1996,1997,0,0,0,0,0,0,60,0.54,900
1997,1998,0,0,0,0,0,0,60,0.54,900
1998,1999,1,0,0.17,0,65,1027,241.92,2.16,3456
1999,2000,0,0,0.76,0,0,0,73.6,0.6,1600
2000,2001,0,0,0,0,0,0,60,0.54,900
2001,2002,1,0,0.76,0,1,6,144,2.16,1600
2002,2003,0,0,1.62,0,0,0,60,0.54,600
2003,2004,1,0,0,0,2,9,60,0.54,600
2004,2005,1,0,0,0,6,978,60,0.54,600
2005,2006,0,0,0,0,0,0,60,0.54,600
2006,2007,0,0,0,0,0,0,60,0.54,600
2007,2008,0,1,4.4,547,0,0,264,1.18,108
2008,2009,1,0,0.81,0,4,100,252,1,200
2009,2010,1,0,0.82,0,4,100,252,1,200
2010,2011,1,0,0,0,2,70,252,1,200
2011,2012,1,0,0,0,1,20,252,1,200
2012,2013,0,0,0,0,0,0,252,0,200
2013,2014,0,1,23.9875,365,0,0,548,1.13,30
2014,2015,1,1,0.2,547,11,900,98,1.59,1920
2015,2016,0,1,6.825,547,0,0,293.76,1.05,72
2016,2017,0,1,0,730,0,0,573.696,0,576
2017,2018,0,1,0,547,0,0,189,1.18,108
2018,2019,1,1,2.827,547,1360,2383,226.8,1.02,108
2019,2020,1,1,3.735,547,404,938,221.04,1.05,72
2020,2021,1,1,11.743,547,190,377,325.12,0.8,32
2021,2022,1,1,1.489,547,2134,4025,147.6,1.17,180
2022,2023,0,0,1.55,0,0,0,0,0,0
2023,2024,1,1,3.441,547,142,262,226.8,1.02,108
2024,2025,1,1,16.502,547,161,245,147.24,0.48,12
2025,2026,0,0,0,547,0,0,188,1.18,72
2026,2027,1,1,3.508,547,293,526,221.04,1.05,72
2027,2028,1,1,1.96,730,908,1688,336.96,0.9,288
2028,2029,1,1,1.87,730,1767,3030,336.96,0.9,288
2029,2030,1,1,1.66,730,2340,4603,336.96,0.9,288
2030,2031,1,1,1.25,547,561,1428,207.68,1,384
2031,2032,1,1,1.801,730,1096,2173,336.96,0.9,288
2032,2033,0,1,0.192,547,0,0,105.6,1.56,1920
2033,2034,1,1,13.342,547,312,484,257.67,0.84,21
2034,2035,0,1,0.035,547,0,0,98,1.19,1920
2035,2036,1,1,0.033,547,3,1020,98,1.19,1920
2036,2037,1,1,0.043,547,75,2390,98,1.19,1920
2037,2038,1,0,16.52,547,45,50,293.12,0.8,32
2038,2039,1,0,6.339,547,15,87,261.54,1.05,72
2039,2040,0,0,8.54,0,0,0,0,0,0
2040,2041,1,0,4.39,547,70,111,226.8,1.02,108
2041,2042,1,0,15.94,547,23,31,325.12,0.8,32
2042,2043,1,0,18.199,547,14,28,325.12,0.8,32
2043,2044,1,0,6.98,547,37,73,293.76,1.05,72
2044,2045,1,0,14.71,547,11,16,293.12,0.8,32
2045,2046,1,0,6.12,547,5,45,261.54,1.05,72
2046,2047,1,0,7.27,547,18,19,261.54,1.05,72
2047,2048,1,0,3.68,547,39,75,226.8,1.02,108
2048,2049,1,0,2.55,547,32,72,165.78,1.02,108
2049,2050,1,0,4.84,547,19,31,226.8,1.02,108
2050,2051,1,1,1.76,730,1317,3129,336.96,0.9,288
2051,2052,1,0,3.5,0,13,162,16.2,0.5,180
2052,2053,1,0,3.5,0,10,116,16.2,0.5,180
2053,2054,1,0,3.5,0,13,198,16.2,0.5,180
2054,2055,1,0,3.5,0,16,283,16.2,0.5,180
2055,2056,1,1,0,547,8,1020,105.6,1.56,1920
2056,2057,0,1,15.38,365,0,0,300,0.84,21
2057,2058,0,1,0.93,730,0,0,88.7,0.9,144
2058,2059,1,1,9.304,547,237,287,225.6,0.72,32
2059,2060,1,1,16.53,365,8,14,341.67,0.98,21
2060,2061,0,1,13.67,365,0,0,300,0.84,21
2061,2062,0,1,17.97,365,0,0,341.67,0.98,21
2062,2063,1,1,9.29,547,1587,2522,227.8,0.72,32
2063,2064,1,1,9.255,547,245,413,228,0.72,32
2064,2065,1,0,7.593,0,59,121,0,0,80
2065,2066,0,0,0,0,0,0,30,0.5,600
2066,2067,0,0,1.81,547,0,0,111,1.19,108
2067,2068,1,1,0,547,20,2100,105.6,0,1920
2068,2069,1,1,1.59,547,3,75,226.08,1.19,180
2069,2070,1,1,2.38,547,393,912,226.08,1.19,180
2070,2071,1,0,15.25,365,11,25,320.67,0,21
2071,2072,1,0,11.49,547,137,455,124.92,0,180
2072,2073,0,0,0,0,0,0,0,0,0
2073,2074,1,0,13.354,547,89,166,261.12,0,32
2074,2075,1,0,3.03,547,192,334,220.32,0,108
2075,2076,1,0,12.47,547,137,278,325.12,0,32
2076,2077,1,0,3.298,547,378,585,220.32,0,108
2077,2078,1,0,14.55,547,77,180,325.12,0,32
2078,2079,1,1,3.829,456,184,433,502.74,1.19,630
2079,2080,1,1,3.91,547,51,105,502.74,1.19,630
2080,2081,1,1,4.2,456,81,251,502.74,1.19,630
2081,2082,1,1,4.58,456,154,268,502.74,1.19,630
2082,2083,1,1,4.49,456,64,150,502.74,1.19,630
2083,2084,1,0,4.813,0,38,88,110.4,0.64,48
2084,2085,1,0,15.96,0,12,18,300,1.19,80
2085,2086,1,0,0,0,46,263,432,1.19,864
2086,2087,0,0,1.47,0,0,0,76.8,1.19,192
2087,2088,1,0,1.78,0,3,1000,319.2,1.19,840
2088,2089,0,0,0,0,0,0,450,1.19,2500
2089,2090,1,0,0.63,0,1,69,48,0,12000
2090,2091,0,0,0,0,0,0,128,0,12800
2091,2092,1,0,0,0,76,929,25,0,2500
2092,2093,1,0,0.13,0,71,6927,25,0,2500
2093,2094,1,0,1.48,0,19,257,135,0,1800
2094,2095,1,0,6.35,0,2,7,264,0,480
2095,2096,1,0,0.4,0,20,2460,160,0,8000
2096,2097,1,0,0,0,57,72,210,0,50
2097,2098,1,0,0,0,45,1554,250,0,2500
2098,2099,1,0,4.35,0,28,371,126,0,360
2099,2100,0,0,0,0,0,0,120,0,6
2100,2101,1,0,0,0,3,3,6.4,0,8
2101,2102,0,0,0,0,0,0,96,0,3
2102,2103,0,0,0,0,0,0,358,0,2
2103,2104,0,0,0,0,0,0,24,0,3
2104,2105,1,0,5.076,547,13,317,69.84,0,24
2105,2106,1,0,0,0,12,119,96,0,384
2106,2107,1,0,0.695,0,11,119,57.6,0,1152
2107,2108,1,0,2.106,0,2,32,60.48,0,144
2108,2109,0,0,0,0,0,0,2.4,0,2400
2109,2110,0,0,0,0,0,0,128,0,1600
2110,2111,1,0,18.45,365,182,335,657.72,0,36
2111,2112,1,1,11.074,547,96,212,259.2,0,32
2112,2113,1,1,18.1,547,214,457,641.34,0,42
2113,2114,1,1,18.22,547,127,244,641.34,0,42
2114,2115,1,0,60.04,0,3,4,40,0,8
2115,2116,0,0,1.47,0,0,0,20.16,0,144
2116,2117,1,0,0,0,34,1343,45,0,2250
2117,2118,1,0,1.04,0,94,1246,224.64,0,1728
2118,2119,1,0,0,0,4,601,40,0,4000
2119,2120,0,0,0,0,0,0,20,0,1
2120,2121,1,0,0,0,3,3,40,0,4
2121,2122,1,0,0,0,2,2,48,0,4
2122,2123,1,0,0,0,2,2,42,0,6
2123,2124,0,0,0,0,0,0,59.2,0,16
2124,2125,1,0,0,0,5,10,100,0,5
2125,2126,1,0,0,0,1,1,20,0,1
2126,2127,1,0,0,0,1,1,78,0,4
2127,2128,1,0,0,0,2,14,24,0,10
2128,2129,0,0,0,0,0,0,20,0.8,1
2129,2130,0,0,0,0,0,0,40,0,4
2130,2131,0,0,0,0,0,0,24,0,8
2131,2132,1,0,0,0,11,68,57.6,1.19,288
2132,2133,1,0,0.849,0,17,151,108,1.19,1800
2133,2134,1,0,0.32,0,22,2790,108.24,0,1968
2134,2135,0,0,0,0,0,0,162,0,1620
2135,2136,1,0,0,0,49,616,84,0,120
2136,2137,1,0,0,0,135,330,92.4,0,132
2137,2138,0,0,0,0,0,0,225,0,1500
2138,2139,1,0,0,0,34,372,173.6,0,248
2139,2140,1,0,0,0,3,300,60,0,300
2140,2141,0,0,0,0,0,0,11,1.19,5
2141,2142,1,0,0,0,1,110,2.2,0,110
2142,2143,1,0,0,0,1,220,29.92,0,1760
2143,2144,1,0,0,0,3,4,80,0,4
2144,2145,1,0,0,0,1,1,78,0,4
2145,2146,0,0,0,0,0,0,13.8,0,3
2146,2147,1,0,0,0,3,90,38.4,0,240
2147,2148,1,0,0,0,4,47,26.88,0,192
2148,2149,0,0,0,0,0,0,18,0,30
2149,2150,1,0,0,0,2,26,38.88,0,72
2150,2151,1,0,0,0,1,10,317.76,0,320
2151,2152,0,0,0.58,0,0,0,21.6,0,2400
2152,2153,1,0,0,0,5,20,77.85,0,225
2153,2154,0,0,0,0,0,0,48,0,6
2154,2155,1,0,0,0,7,430,13.44,0,960
2155,2156,1,0,0,0,13,2440,45.6,0,12000
2156,2157,1,0,0.18,0,5,419,45.6,0,12000
2157,2158,1,0,77.2,0,6,26,12,0,30
2158,2159,1,0,0,0,1,3,10.8,0,30
2159,2160,1,0,20,0,6,29,10.8,0,12
2160,2161,1,0,0,0,23,3641,309.6,0,2400
2161,2162,0,0,0,0,0,0,52,0,4
2162,2163,0,0,0,0,0,0,52,0,4
2163,2164,1,0,0,0,10,36,9.6,0,120
2164,2165,1,0,0,0,10,128,11.52,0,640
2165,2166,0,0,0,0,0,0,20,0,1
2166,2167,1,0,0,0,7,16,31.6,0,16
2167,2168,1,0,0,0,3,3,21.96,0,6
2168,2169,0,0,0,0,0,0,48,0,12000
2169,2170,0,0,0,0,0,0,48,0,12000
2170,2171,0,0,0,0,0,0,48,0,12000
2171,2172,0,0,0,0,0,0,48,0,12000
2172,2173,1,0,0,0,1,1,16,1.19,8
2173,2174,1,0,0,0,1,1,30,0,3
2174,2175,1,0,0,0,4,7,1.2,0,12
2175,2176,1,0,0,0,2,3,36,0,12
2176,2177,0,0,0,0,0,0,84,0,6
2177,2178,1,0,0,0,1,3,80,0,4
2178,2179,1,0,0,0,5,5,14.688,0,36
2179,2180,1,0,0,0,1,1,20,0,1
2180,2181,1,0,0,0,1,17,19.2,0,48
2181,2182,1,0,0,0,2,42,19.2,0,48
2182,2183,1,0,0,0,1,40,153.6,0,384
2183,2184,1,1,0.532,730,115,896,163.584,0,384
2184,2185,1,0,0,0,26,541,173.6,0,248
2185,2186,1,0,0,0,20,575,20.16,0,144
2186,2187,1,0,208.48,0,1,2,40,0,2
2187,2188,1,0,0,0,22,626,77.76,0,288
2188,2189,1,1,6.05,547,447,961,226.8,0,108
2189,2190,1,0,1.5,0,1,100,450,0,2500
2190,2191,1,0,6.35,0,12,44,92.8,0,160
2191,2192,0,0,0,0,0,0,150,0,1500
2192,2193,0,0,0,0,0,0,150,0,1500
2193,2194,1,0,0,0,41,106,83.2,0,80
2194,2195,1,0,0,0,34,638,250,0,2500
2195,2196,1,0,0.62,0,69,2708,16,0,8000
2196,2197,1,1,0.869,730,85,1013,180.48,0,384
2197,2198,1,1,2.76,730,57,323,336.96,0,288
2198,2199,1,0,0,0,13,458,50,0,100
2199,2200,1,0,0,0,1,1,18,0,1
2200,2201,1,0,0,0,300,697,84,0,120
2201,2202,1,0,0,0,12,316,60,0,1200
2202,2203,1,0,0,0,7,15,180,0,900
2203,2204,1,0,0,0,15,64,180,0,1800
2204,2205,1,0,0,0,9,58,207,0,900
2205,2206,1,0,0,0,11,95,130.56,0,384
2206,2207,1,0,0,0,2,160,800,0,200000
2207,2208,1,0,0,0,8,12,152,0,160
2208,2209,1,0,0,0,4,10,112.128,0,192
2209,2210,1,0,0,0,34,121,180,0,900
2210,2211,1,0,0,0,4,21,16,0,800
2211,2212,1,0,0,0,2,9,144,0,1600
2212,2213,1,0,0,0,6,300,36,0,1200
2213,2214,1,0,0,0,2,5,2.5,0,5
2214,2215,1,1,3.27,547,112,216,262.98,0,108
2215,2216,1,0,5.905,0,7,19,240,0,400
2216,2217,1,0,0,0,5,700,21,0,4200
2217,2218,1,0,0,0,10,508,192,0,1600
2218,2219,1,0,0,0,18,235,36,0,180
2219,2220,1,0,0,0,28,359,12,0,600
2220,2221,1,0,0,547,6,100,93.12,1.19,32
2221,2222,1,0,0,0,1,10,6,0,10
2222,2223,1,0,0,0,4,8,44,0,8
2223,2224,1,0,0,0,1,1,67.2,0,12
2224,2225,1,0,0,0,4,4,37.2,0,12
2225,2226,1,0,0,0,2,2,52.44,0,6
2226,2227,1,0,0,0,5,6,33,0,6
2227,2228,1,0,0,0,2,2,9.04,0,2
2228,2229,1,0,0,0,1,1,30,0,2
2229,2230,1,0,0,0,6,6,60,0,4
2230,2231,1,0,0,0,3,4,60,0,4
2231,2232,1,0,0,0,1,1,5.47,0,1
2232,2233,0,0,0,0,0,0,44,0,8
2233,2234,1,0,0,0,16,284,20.16,0,144
2234,2235,1,0,0,0,32,294,20.16,0,144
2235,2236,1,0,0,0,28,185,92.8,0,160
2236,2237,1,0,0,0,144,967,120,0,2400
2237,2238,1,0,1.038,0,132,1306,60,0,1200
2238,2239,1,0,0,0,2,7,79.2,0,120
2239,2240,1,0,0.92,730,19,140,88.704,0,144
2240,2241,0,1,0,547,0,0,105.6,0,1920
2241,2242,1,0,0,0,41,1636,330,0,6000
2242,2243,1,0,0,0,2,60,96,0,240
2243,2244,1,1,2.02,730,354,710,322.56,0,288
2244,2245,1,1,1.99,730,363,765,322.56,0,288
2245,2246,1,0,0,0,12,119,126,0,100
2246,2247,1,0,0,0,6,59,518.4,0,1920
2247,2248,0,0,0,0,0,0,3,0,1
2248,2249,0,0,0,0,0,0,5,0,1
2249,2250,1,1,0,730,1,120,88.704,0,144
2250,2251,1,0,0,0,1,2,3.37,0,1
2251,2252,1,0,0,0,1,2,8.28,0,2
2252,2253,0,0,0,0,0,0,2.7,0,10
2253,2254,0,0,0,0,0,0,2.7,0,10
2254,2255,0,0,0,0,0,0,8.67,0,1
2255,2256,1,0,0,0,1,1,6.55,0,1
2256,2257,1,0,0,0,2,2,20,0,1
2257,2258,0,0,0,0,0,0,14.06,0,1
2258,2259,1,0,0,0,1,1,18.47,0,1
2259,2260,1,0,0,730,170,408,336.96,0.9,288
2260,2261,1,0,0,0,4,30,15,0,15
2261,2262,1,0,0,0,4,17,5.76,0,24
2262,2263,1,0,0,0,38,42,6,0,12
2263,2264,1,0,0,0,29,309,9.12,0,48
2264,2265,0,0,0,0,0,0,20,0,1
2265,2266,0,0,0,0,0,0,50,0,5
2266,2267,1,0,0,0,31,36,105.6,0,1920
2267,2268,1,0,0,0,105,420,160,1.25,1600
2268,2269,0,0,0,0,0,0,18,0,1
2269,2270,0,0,0,0,0,0,2.7,0,10
2270,2271,0,0,0,0,0,0,2.7,0,10
2271,2272,0,0,0,0,0,0,2.7,0,10
2272,2273,0,0,0,0,0,0,2.7,0,10
2273,2274,0,0,0,0,0,0,2.7,0,10
2274,2275,0,0,0,0,0,0,2.7,0,10
2275,2276,1,0,0,0,1,1,9.58,0,1
2276,2277,0,0,0,0,0,0,38.36,0,4
2277,2278,1,0,0,0,1,1,25.11,0,3
2278,2279,1,0,0,547,76,1570,105.6,0,1920